"stcd","State","district","urbanindex","urban.cat","Winning.party","Total.Population","Percentage.Women","Median.Household.Income","Mean.Household.Income","Median.Age","pct.retirees","pct.bach","pct.unemployed","Region"
"NY-12","New York",12,14.9034,"Dense Urban",1,0.705008,0.519,1.42104,232024,40.3,0.198956608,0.403,0.029,"Northeast"
"NY-07","New York",7,14.85414,"Dense Urban",1,0.69993,0.512,0.88141,137243,34.2,0.113467061,0.303,0.036,"Northeast"
"NY-09","New York",9,14.69678,"Dense Urban",1,0.756507,0.528,0.718,105059,36.9,0.165820012,0.234,0.049,"Northeast"
"NY-13","New York",13,14.69063,"Dense Urban",1,0.770616,0.524,0.47855,90725,36.8,0.154432298,0.2,0.055,"Northeast"
"NY-15","New York",15,14.65565,"Dense Urban",1,0.727699,0.525,0.4209,74697,35.5,0.136112596,0.136,0.056,"Northeast"
"NY-10","New York",10,14.653,"Dense Urban",1,0.706151,0.523,1.03988,200712,37,0.15408744,0.325,0.033,"Northeast"
"NY-14","New York",14,14.64697,"Dense Urban",1,0.730392,0.507,0.61052,91735,37.1,0.155212543,0.181,0.045,"Northeast"
"NY-08","New York",8,14.51535,"Dense Urban",1,0.754074,0.525,0.58631,100435,38.1,0.176082188,0.215,0.047,"Northeast"
"NY-06","New York",6,14.4845,"Dense Urban",1,0.752577,0.515,0.73861,104150,42.6,0.198907221,0.23,0.027,"Northeast"
"NJ-08","New Jersey",8,13.9866,"Dense Urban",1,0.765996,0.494,0.78229,127181,35.4,0.119304801,0.244,0.034,"Northeast"
"CA-37","California",37,13.94794,"Dense Urban",1,0.740416,0.498,0.64565,105185,34.5,0.121773435,0.18,0.046,"West"
"CA-34","California",34,13.78271,"Dense Urban",1,0.745561,0.488,0.58845,90698,36.6,0.141218492,0.198,0.043,"West"
"NY-05","New York",5,13.78018,"Dense Urban",1,0.751997,0.519,0.81621,108662,41.2,0.171962122,0.185,0.041,"Northeast"
"IL-07","Illinois",7,13.64136,"Dense Urban",1,0.758917,0.527,0.76365,123828,34.2,0.130824583,0.257,0.045,"Midwest"
"PA-03","Pennsylvania",3,13.63714,"Dense Urban",1,0.772128,0.529,0.604,94159,33.8,0.143344109,0.223,0.05,"Northeast"
"CA-43","California",43,13.62739,"Dense Urban",1,0.723043,0.513,0.66509,90543,35.5,0.126258051,0.154,0.044,"West"
"NY-11","New York",11,13.62688,"Dense Urban",0,0.740025,0.51,0.82517,119276,41,0.181791156,0.203,0.03,"Northeast"
"CA-11","California",11,13.56329,"Dense Urban",1,0.705678,0.484,1.393,219266,39.7,0.179640006,0.369,0.024,"West"
"MA-07","Massachusetts",7,13.54608,"Dense Urban",1,0.754113,0.512,0.81795,129758,32.9,0.122880788,0.264,0.038,"Northeast"
"NJ-10","New Jersey",10,13.49694,"Dense Urban",1,0.746241,0.513,0.67939,104054,37.9,0.146074794,0.197,0.05,"Northeast"
"PA-02","Pennsylvania",2,13.47543,"Dense Urban",1,0.717771,0.517,0.53536,80806,36.7,0.153429158,0.179,0.039,"Northeast"
"CA-46","California",46,13.41158,"Dense Urban",1,0.749454,0.504,0.80779,102727,34.8,0.120453023,0.157,0.028,"West"
"IL-04","Illinois",4,13.3979,"Dense Urban",1,0.718854,0.498,0.69123,101737,37.2,0.142607539,0.154,0.039,"Midwest"
"CA-42","California",42,13.38775,"Dense Urban",1,0.723841,0.507,0.73006,96607,36,0.124614384,0.173,0.033,"West"
"NJ-09","New Jersey",9,13.36543,"Dense Urban",1,0.751224,0.511,0.77469,111733,38.9,0.162034227,0.215,0.038,"Northeast"
"CA-30","California",30,13.35822,"Dense Urban",1,0.732048,0.502,0.85046,127287,40,0.167505409,0.33,0.044,"West"
"IL-03","Illinois",3,13.31683,"Dense Urban",1,0.708538,0.492,0.78452,110500,37.2,0.140538687,0.247,0.031,"Midwest"
"CA-44","California",44,13.30183,"Dense Urban",1,0.735344,0.505,0.78725,104095,36.8,0.14033024,0.17,0.039,"West"
"CA-29","California",29,13.2762,"Dense Urban",1,0.728732,0.495,0.67175,93964,36.6,0.130563774,0.179,0.049,"West"
"CA-45","California",45,13.2715,"Dense Urban",0,0.752508,0.503,1.00891,131008,40.8,0.172068603,0.252,0.027,"West"
"IL-05","Illinois",5,13.26219,"Dense Urban",1,0.732819,0.51,1.04191,155018,37.5,0.162124617,0.374,0.018,"Midwest"
"NY-16","New York",16,13.2321,"Dense Urban",1,0.756711,0.516,0.96051,173412,41.2,0.178016442,0.24,0.031,"Northeast"
"NY-04","New York",4,13.14159,"Dense Urban",0,0.771912,0.507,1.31291,164099,40.5,0.182773425,0.232,0.029,"Northeast"
"CA-36","California",36,13.0746,"Dense Urban",1,0.727412,0.514,1.21164,178732,40.7,0.18294859,0.376,0.036,"West"
"VA-08","Virginia",8,13.06868,"Dense Urban",1,0.764684,0.505,1.2246,168675,37.6,0.137336468,0.316,0.019,"South"
"CA-38","California",38,13.05118,"Dense Urban",1,0.720021,0.504,0.90687,116060,40.2,0.174783791,0.204,0.027,"West"
"CA-12","California",12,12.99689,"Urban-Suburban",1,0.736597,0.503,1.00136,158118,38.3,0.161431556,0.29,0.026,"West"
"FL-24","Florida",24,12.99463,"Urban-Suburban",1,0.791673,0.505,0.60388,95698,39.7,0.165784358,0.202,0.029,NA
"CA-28","California",28,12.95812,"Urban-Suburban",1,0.719742,0.513,0.9831,147928,43,0.194655863,0.279,0.027,"West"
"CA-31","California",31,12.91872,"Urban-Suburban",1,0.730452,0.5,0.82631,104798,39.1,0.160287055,0.164,0.03,"West"
"MD-07","Maryland",7,12.91544,"Urban-Suburban",1,0.744504,0.532,0.5687,85174,36.8,0.163050837,0.172,0.033,"South"
"IL-09","Illinois",9,12.90872,"Urban-Suburban",1,0.730979,0.498,0.86692,125253,41.6,0.188283111,0.321,0.033,"Midwest"
"TX-07","Texas",7,12.90726,"Urban-Suburban",1,0.785353,0.504,0.70704,112176,33.9,0.115273005,0.274,0.037,"South"
"CO-01","Colorado",1,12.90034,"Urban-Suburban",1,0.720042,0.495,0.87684,129542,35,0.123283086,0.358,0.027,"West"
"CA-17","California",17,12.89651,"Urban-Suburban",1,0.740766,0.474,1.66489,225445,37.4,0.134193524,0.299,0.027,"West"
"MN-05","Minnesota",5,12.88577,"Urban-Suburban",1,0.706667,0.499,0.77372,112891,34.7,0.134365974,0.312,0.031,"Midwest"
"CA-32","California",32,12.8771,"Urban-Suburban",1,0.783556,0.504,1.03213,164440,40.6,0.179102706,0.311,0.039,"West"
"CA-52","California",52,12.86991,"Urban-Suburban",1,0.74924,0.503,0.7987,97953,35.3,0.13451364,0.181,0.04,"West"
"FL-27","Florida",27,12.86377,"Urban-Suburban",0,0.754619,0.509,0.75323,129442,42.2,0.191162693,0.251,0.018,NA
"WA-07","Washington",7,12.81346,"Urban-Suburban",1,0.783927,0.49,1.15418,169142,36.2,0.139784699,0.372,0.024,"West"
"WI-04","Wisconsin",4,12.77521,"Urban-Suburban",1,0.719451,0.514,0.54672,82333,34.3,0.138684914,0.206,0.03,"Midwest"
"CA-51","California",51,12.76409,"Urban-Suburban",1,0.757528,0.5,1.00357,126874,37.3,0.147778036,0.273,0.031,"West"
"TX-32","Texas",32,12.76321,"Urban-Suburban",1,0.787408,0.499,0.65935,98364,32.5,0.101253734,0.262,0.031,"South"
"CA-47","California",47,12.75985,"Urban-Suburban",1,0.75294,0.503,1.17944,167329,38.5,0.161201424,0.358,0.026,"West"
"MA-05","Massachusetts",5,12.75613,"Urban-Suburban",1,0.776294,0.515,1.15167,171015,39.5,0.172569928,0.284,0.017,"Northeast"
"CA-15","California",15,12.74003,"Urban-Suburban",1,0.719254,0.5,1.35162,194363,41.3,0.182016367,0.277,0.024,"West"
"PA-05","Pennsylvania",5,12.70543,"Urban-Suburban",1,0.768063,0.52,0.79416,122836,38.7,0.164991674,0.23,0.038,"Northeast"
"CA-16","California",16,12.69778,"Urban-Suburban",1,0.735381,0.504,1.60623,252250,40.6,0.179766679,0.292,0.023,"West"
"MD-08","Maryland",8,12.69373,"Urban-Suburban",1,0.755348,0.51,1.23494,171443,41.6,0.187945159,0.278,0.022,"South"
"CA-35","California",35,12.69247,"Urban-Suburban",1,0.76991,0.497,0.84692,102832,34.2,0.107626865,0.154,0.036,"West"
"AZ-03","Arizona",3,12.67575,"Urban-Suburban",1,0.835089,0.495,0.63913,84482,31,0.0872889,0.121,0.032,"South"
"MD-04","Maryland",4,12.67143,"Urban-Suburban",1,0.7508,0.524,0.86941,103631,37.9,0.145672616,0.191,0.035,"South"
"MI-12","Michigan",12,12.66166,"Urban-Suburban",1,0.759672,0.517,0.54818,79389,37.3,0.167448583,0.165,0.043,"Midwest"
"TX-09","Texas",9,12.64574,"Urban-Suburban",1,0.774848,0.52,0.63597,87973,34.6,0.126304772,0.174,0.036,"South"
"TX-18","Texas",18,12.6062,"Urban-Suburban",1,0.789388,0.487,0.58932,93568,32.6,0.10221336,0.176,0.045,"South"
"FL-25","Florida",25,12.59246,"Urban-Suburban",1,0.767802,0.504,0.79024,110218,41.9,0.170180593,0.265,0.028,NA
"NV-01","Nevada",1,12.57916,"Urban-Suburban",1,0.767891,0.497,0.63781,87925,38.9,0.167719116,0.162,0.038,"West"
"AZ-04","Arizona",4,12.56294,"Urban-Suburban",1,0.799833,0.487,0.79108,98571,34.6,0.148994853,0.24,0.025,"South"
"CA-06","California",6,12.55663,"Urban-Suburban",1,0.749993,0.506,0.80409,103919,36.6,0.145234689,0.202,0.033,"West"
"CO-06","Colorado",6,12.55418,"Urban-Suburban",1,0.718693,0.498,0.91725,123611,37.8,0.148881372,0.286,0.028,"West"
"FL-23","Florida",23,12.53913,"Urban-Suburban",1,0.768707,0.513,0.80179,121695,43.1,0.2136874,0.274,0.024,NA
"TX-20","Texas",20,12.52761,"Urban-Suburban",1,0.781188,0.498,0.56708,72033,33.7,0.121987281,0.165,0.032,"South"
"CA-40","California",40,12.52466,"Urban-Suburban",0,0.742204,0.503,1.24144,159845,43.1,0.192022678,0.316,0.025,"West"
"FL-20","Florida",20,12.52127,"Urban-Suburban",1,0.768934,0.513,0.57237,78305,39.8,0.179841183,0.167,0.039,NA
"IL-06","Illinois",6,12.51739,"Urban-Suburban",1,0.737763,0.509,0.95298,131149,41.1,0.198036497,0.262,0.026,"Midwest"
"OH-03","Ohio",3,12.51553,"Urban-Suburban",1,0.785836,0.513,0.6772,99116,34.5,0.133763279,0.272,0.024,"Midwest"
"CA-33","California",33,12.51408,"Urban-Suburban",1,0.774631,0.505,0.8183,102043,33.7,0.109676736,0.14,0.036,"West"
"NV-03","Nevada",3,12.51288,"Urban-Suburban",1,0.796804,0.501,0.7555,105845,39.7,0.165811166,0.22,0.034,"West"
"GA-05","Georgia",5,12.50446,"Urban-Suburban",1,0.759771,0.514,0.8043,128358,34.8,0.131388274,0.31,0.032,"South"
"NJ-05","New Jersey",5,12.50314,"Urban-Suburban",1,0.774198,0.506,1.24761,166989,42.9,0.188491833,0.312,0.029,"Northeast"
"MI-13","Michigan",13,12.4986,"Dense Suburban",1,0.757463,0.516,0.47778,75789,37.3,0.162566356,0.128,0.049,"Midwest"
"NY-03","New York",3,12.46215,"Dense Suburban",0,0.771208,0.513,1.2973,181141,44.9,0.214349436,0.293,0.023,"Northeast"
"TX-29","Texas",29,12.45498,"Dense Suburban",1,0.732116,0.488,0.50461,69251,33.1,0.110501614,0.095,0.047,"South"
"TX-24","Texas",24,12.45018,"Dense Suburban",0,0.76007,0.508,1.06888,164456,38.8,0.144336706,0.328,0.021,"South"
"WA-09","Washington",9,12.43778,"Dense Suburban",1,0.751668,0.498,0.94488,135669,38.2,0.153791301,0.257,0.03,"West"
"TX-37","Texas",37,12.43119,"Dense Suburban",1,0.785616,0.493,0.91114,130368,35.1,0.116895532,0.379,0.021,"South"
"MA-08","Massachusetts",8,12.42628,"Dense Suburban",1,0.773868,0.51,1.03758,153589,40.2,0.17861961,0.288,0.027,"Northeast"
"TX-38","Texas",38,12.42589,"Dense Suburban",0,0.769222,0.515,0.93861,130289,38.2,0.146133366,0.309,0.03,"South"
"TX-33","Texas",33,12.42466,"Dense Suburban",1,0.764729,0.496,0.57463,79425,32.2,0.102689973,0.14,0.03,"South"
"OH-11","Ohio",11,12.4239,"Dense Suburban",1,0.769169,0.523,0.50228,81926,38.5,0.183882866,0.189,0.043,"Midwest"
"VA-11","Virginia",11,12.42183,"Dense Suburban",1,0.784031,0.496,1.52783,180734,39.2,0.148708406,0.34,0.021,"South"
"MI-10","Michigan",10,12.41793,"Dense Suburban",0,0.764788,0.512,0.71936,95139,41,0.187787988,0.189,0.03,"Midwest"
"FL-10","Florida",10,12.39927,"Dense Suburban",1,0.766928,0.51,0.64575,96054,34.9,0.127559562,0.256,0.029,NA
"IL-01","Illinois",1,12.39519,"Dense Suburban",1,0.72855,0.524,0.64107,93637,40.2,0.185970764,0.179,0.052,"Midwest"
"CA-50","California",50,12.38566,"Dense Suburban",1,0.748969,0.486,1.08881,147311,37,0.152242616,0.326,0.028,"West"
"CA-07","California",7,12.37742,"Dense Suburban",1,0.76306,0.504,0.85158,111062,37.3,0.157310041,0.22,0.034,"West"
"MO-01","Missouri",1,12.366,"Dense Suburban",1,0.742101,0.521,0.57762,86740,37,0.166225352,0.214,0.035,"Midwest"
"FL-26","Florida",26,12.35861,"Dense Suburban",0,0.796673,0.509,0.67071,92098,42.6,0.189362511,0.192,0.021,NA
"CA-14","California",14,12.35435,"Dense Suburban",1,0.73322,0.507,1.3576,176217,40.6,0.160562996,0.29,0.029,"West"
"NJ-11","New Jersey",11,12.35098,"Dense Suburban",1,0.779192,0.506,1.28233,183318,41.4,0.17518147,0.329,0.029,"Northeast"
"FL-22","Florida",22,12.34584,"Dense Suburban",1,0.783947,0.513,0.73404,114136,46.7,0.26959348,0.235,0.025,NA
"AZ-08","Arizona",8,12.33945,"Dense Suburban",0,0.8115,0.512,0.79042,104214,42.6,0.232293284,0.201,0.024,"South"
"NJ-06","New Jersey",6,12.33669,"Dense Suburban",1,0.784092,0.501,1.0044,132663,38,0.15253057,0.254,0.034,"Northeast"
"NY-26","New York",26,12.32544,"Dense Suburban",1,0.77016,0.51,0.63995,88324,39.4,0.184896645,0.193,0.021,"Northeast"
"MN-04","Minnesota",4,12.31958,"Dense Suburban",1,0.700555,0.507,0.82138,114222,37.2,0.159739064,0.289,0.023,"Midwest"
"HI-01","Hawaii",1,12.29852,"Dense Suburban",1,0.717738,0.497,0.96086,119586,40.9,0.205084585,0.242,0.021,NA
"NJ-01","New Jersey",1,12.28513,"Dense Suburban",1,0.766706,0.515,0.8267,111894,39.3,0.170873842,0.222,0.036,"Northeast"
"OR-03","Oregon",3,12.27807,"Dense Suburban",1,0.687278,0.496,0.80939,110130,39.3,0.152385207,0.253,0.032,"West"
"TX-30","Texas",30,12.2694,"Dense Suburban",1,0.767034,0.517,0.67465,96136,33.6,0.114671579,0.179,0.028,"South"
"CA-39","California",39,12.26121,"Dense Suburban",1,0.770106,0.501,0.84017,101185,32.9,0.109708274,0.119,0.037,"West"
"IL-08","Illinois",8,12.2366,"Dense Suburban",1,0.749823,0.498,0.91317,115163,40,0.155063262,0.267,0.028,"Midwest"
"IN-07","Indiana",7,12.2291,"Dense Suburban",1,0.747577,0.518,0.59595,86131,34.4,0.132387701,0.232,0.037,"Midwest"
"NY-02","New York",2,12.21863,"Dense Suburban",0,0.775081,0.497,1.13994,140582,39.9,0.160596118,0.192,0.027,"Northeast"
"WA-01","Washington",1,12.20153,"Dense Suburban",1,0.78232,0.491,1.25412,176190,38,0.129732079,0.306,0.022,"West"
"MI-11","Michigan",11,12.18432,"Dense Suburban",1,0.769865,0.503,0.86379,125050,40.7,0.183963422,0.278,0.027,"Midwest"
"FL-13","Florida",13,12.18172,"Dense Suburban",0,0.763693,0.517,0.65785,102181,51.5,0.281768983,0.221,0.022,NA
"GA-07","Georgia",7,12.16479,"Dense Suburban",1,0.776248,0.512,0.84547,111242,36.2,0.116447321,0.255,0.027,"South"
"FL-14","Florida",14,12.15817,"Dense Suburban",1,0.782155,0.505,0.70955,113446,39,0.165459532,0.26,0.028,NA
"PA-12","Pennsylvania",12,12.1425,"Dense Suburban",1,0.758799,0.507,0.68078,97284,39.7,0.202726941,0.241,0.03,"Northeast"
"GA-04","Georgia",4,12.11052,"Dense Suburban",1,0.781395,0.525,0.73742,107398,36.6,0.137351788,0.229,0.034,"South"
"AZ-05","Arizona",5,12.09759,"Dense Suburban",0,0.835596,0.503,1.01489,133517,38.3,0.165972551,0.257,0.018,"South"
"KY-03","Kentucky",3,12.09429,"Dense Suburban",1,0.742826,0.513,0.63327,94222,38.3,0.173977486,0.214,0.033,"South"
"NV-04","Nevada",4,12.07472,"Dense Suburban",1,0.821679,0.497,0.70338,90471,36.9,0.153144963,0.143,0.037,"West"
"AZ-01","Arizona",1,12.05529,"Dense Suburban",0,0.799436,0.507,0.91562,142247,43.9,0.210979991,0.323,0.021,"South"
"VA-03","Virginia",3,12.041,"Dense Suburban",1,0.781088,0.51,0.63075,80940,34.5,0.142555,0.17,0.039,"South"
"RI-01","Rhode Island",1,12.00113,"Dense Suburban",1,0.543189,0.514,0.78966,110258,39.9,0.187036188,0.238,0.029,NA
"CA-10","California",10,11.99965,"Dense Suburban",1,0.754064,0.504,1.43122,197073,41.4,0.171409854,0.319,0.026,"West"
"FL-28","Florida",28,11.99153,"Dense Suburban",0,0.740547,0.503,0.73429,95459,41.4,0.174433223,0.198,0.017,NA
"TX-16","Texas",16,11.98973,"Dense Suburban",1,0.773386,0.505,0.53477,75234,33.6,0.132839229,0.177,0.035,"South"
"NJ-12","New Jersey",12,11.95689,"Dense Suburban",1,0.767218,0.508,1.09146,148551,40.9,0.165942405,0.267,0.037,"Northeast"
"NE-02","Nebraska",2,11.95222,"Dense Suburban",0,0.658116,0.5,0.77535,110786,35.9,0.141046563,0.264,0.019,"Midwest"
"TX-35","Texas",35,11.94555,"Dense Suburban",1,0.802077,0.496,0.71075,88525,33.2,0.092351482,0.231,0.031,"South"
"OH-01","Ohio",1,11.9257,"Dense Suburban",1,0.790801,0.511,0.74773,115110,37.2,0.156945932,0.263,0.021,"Midwest"
"NC-14","North Carolina",14,11.90635,"Dense Suburban",1,0.766123,0.516,0.81717,127063,36.8,0.134105098,0.33,0.022,"South"
"CA-08","California",8,11.90436,"Dense Suburban",1,0.748189,0.511,0.91501,120329,38.7,0.166381756,0.2,0.039,"West"
"MN-03","Minnesota",3,11.89663,"Dense Suburban",1,0.700754,0.504,1.00867,142010,41.4,0.185129161,0.329,0.021,"Midwest"
"MO-05","Missouri",5,11.89316,"Dense Suburban",1,0.773627,0.513,0.61184,86890,37.1,0.163878717,0.222,0.023,"Midwest"
"CT-04","Connecticut",4,11.88718,"Dense Suburban",1,0.710465,0.507,1.06972,190234,41.1,0.170174463,0.281,0.034,"Northeast"
"CA-49","California",49,11.85506,"Dense Suburban",1,0.752364,0.488,1.0938,150874,40,0.179736138,0.306,0.026,"West"
"PA-04","Pennsylvania",4,11.84089,"Dense Suburban",1,0.780519,0.508,1.03922,142093,42.1,0.197874747,0.274,0.021,"Northeast"
"NY-01","New York",1,11.83754,"Dense Suburban",0,0.775158,0.509,1.26171,166414,44,0.20377652,0.245,0.024,"Northeast"
"MA-06","Massachusetts",6,11.83451,"Dense Suburban",1,0.771813,0.511,1.06226,149868,43.2,0.201604534,0.279,0.021,"Northeast"
"NC-02","North Carolina",2,11.81898,"Dense Suburban",1,0.779106,0.508,0.96138,133177,36.8,0.127126476,0.368,0.016,"South"
"MD-02","Maryland",2,11.81179,"Dense Suburban",1,0.772153,0.524,0.92468,124196,40.5,0.183183903,0.262,0.025,"South"
"MD-03","Maryland",3,11.8092,"Dense Suburban",1,0.777611,0.508,1.19418,154016,40.2,0.1614239,0.29,0.019,"South"
"NY-25","New York",25,11.80862,"Dense Suburban",1,0.768169,0.514,0.67775,96132,39.7,0.190499747,0.215,0.029,"Northeast"
"CT-03","Connecticut",3,11.80288,"Dense Suburban",1,0.735042,0.511,0.86205,120600,39.9,0.179546203,0.2,0.028,"Northeast"
"TN-09","Tennessee",9,11.79929,"Dense Suburban",1,0.756975,0.525,0.53183,75182,34.8,0.142098484,0.179,0.037,NA
"NC-12","North Carolina",12,11.79664,"Dense Suburban",1,0.770376,0.513,0.73841,107655,35.8,0.123180109,0.282,0.024,"South"
"MA-04","Massachusetts",4,11.77869,"Dense Suburban",1,0.782122,0.515,1.10374,165007,40.3,0.166950936,0.255,0.03,"Northeast"
"LA-02","Louisiana",2,11.77477,"Dense Suburban",NA,0.727277,0.519,0.48015,76074,39,0.166924019,0.16,0.041,"South"
"CO-08","Colorado",8,11.73294,"Dense Suburban",1,0.737452,0.495,0.92047,114194,35.4,0.121652663,0.198,0.026,"West"
"CA-21","California",21,11.73072,"Dense Suburban",1,0.748904,0.494,0.61213,82126,32,0.112003675,0.121,0.051,"West"
"CT-01","Connecticut",1,11.72734,"Dense Suburban",1,0.718849,0.516,0.80371,111086,40.2,0.18023674,0.22,0.034,"Northeast"
"WA-10","Washington",10,11.72351,"Dense Suburban",1,0.788452,0.498,0.88325,106415,36.5,0.154979631,0.188,0.026,"West"
"PA-01","Pennsylvania",1,11.71746,"Dense Suburban",0,0.760257,0.503,1.04881,143185,44.2,0.206389418,0.254,0.021,"Northeast"
"IL-10","Illinois",10,11.70691,"Dense Suburban",1,0.744016,0.496,0.98057,145104,40.2,0.168745027,0.259,0.02,"Midwest"
"FL-15","Florida",15,11.70438,"Dense Suburban",0,0.817831,0.503,0.67704,96929,38.9,0.166025744,0.213,0.028,NA
"UT-04","Utah",4,11.70206,"Dense Suburban",0,0.874074,0.488,1.00006,114708,31.5,0.09894128,0.236,0.021,"West"
"CA-27","California",27,11.69082,"Dense Suburban",0,0.737592,0.504,0.98123,126171,37.9,0.139512088,0.195,0.038,"West"
"NJ-04","New Jersey",4,11.69053,"Dense Suburban",0,0.78694,0.514,0.9009,130419,41.6,0.216282055,0.26,0.027,"Northeast"
"GA-13","Georgia",13,11.68632,"Dense Suburban",1,0.767394,0.531,0.71993,89033,36.4,0.115705883,0.193,0.033,"South"
"CA-26","California",26,11.6762,"Dense Suburban",1,0.758064,0.506,1.07265,147543,39.4,0.170844414,0.238,0.028,"West"
"CA-18","California",18,11.6734,"Dense Suburban",1,0.734686,0.482,0.96509,125896,34.5,0.122027642,0.169,0.029,"West"
"TX-12","Texas",12,11.67191,"Dense Suburban",0,0.803772,0.502,0.78999,106993,36.5,0.142223168,0.229,0.025,"South"
"GA-06","Georgia",6,11.6706,"Dense Suburban",0,0.790519,0.504,1.23105,159602,40.2,0.150852794,0.359,0.019,"South"
"TX-02","Texas",2,11.66319,"Dense Suburban",0,0.817455,0.503,0.92141,123059,36.2,0.125089454,0.268,0.034,"South"
"CA-09","California",9,11.65593,"Dense Suburban",1,0.769426,0.498,0.86062,112256,35.4,0.137290656,0.156,0.041,"West"
"OH-13","Ohio",13,11.65369,"Dense Suburban",1,0.778868,0.513,0.65001,90261,41.7,0.201669603,0.214,0.022,"Midwest"
"CO-05","Colorado",5,11.6376,"Dense Suburban",0,0.732858,0.488,0.82432,101822,35.1,0.139591845,0.258,0.026,"West"
"OR-01","Oregon",1,11.6196,"Dense Suburban",1,0.714598,0.501,0.89182,123435,38.3,0.159412705,0.265,0.024,"West"
"IL-11","Illinois",11,11.60326,"Dense Suburban",1,0.766225,0.505,0.99802,133296,40.1,0.160294953,0.276,0.029,"Midwest"
"MI-03","Michigan",3,11.59025,"Dense Suburban",1,0.781426,0.503,0.72574,98781,35.9,0.155383875,0.25,0.023,"Midwest"
"FL-16","Florida",16,11.5819,"Dense Suburban",0,0.824961,0.519,0.79125,103570,43.4,0.229684797,0.225,0.021,NA
"TX-03","Texas",3,11.57905,"Dense Suburban",0,0.846385,0.507,1.14577,143551,37.8,0.124013304,0.316,0.024,"South"
"PA-17","Pennsylvania",17,11.57211,"Dense Suburban",1,0.752331,0.514,0.77014,114996,43.7,0.216759644,0.266,0.023,"Northeast"
"FL-07","Florida",7,11.56998,"Dense Suburban",0,0.788222,0.509,0.75437,103461,42.3,0.20143183,0.223,0.022,NA
"NJ-03","New Jersey",3,11.55043,"Dense Suburban",1,0.773328,0.508,1.06253,143021,43,0.191393561,0.281,0.024,"Northeast"
"CA-41","California",41,11.54949,"Dense Suburban",0,0.797316,0.49,0.95306,123567,40.1,0.186320104,0.203,0.031,"West"
"OK-01","Oklahoma",1,11.53769,"Dense Suburban",0,0.807958,0.508,0.64465,89759,36.7,0.157598539,0.216,0.024,"South"
"KS-03","Kansas",3,11.52846,"Dense Suburban",1,0.741829,0.503,0.91626,126418,39,0.166657006,0.312,0.02,"Midwest"
"RI-02","Rhode Island",2,11.521,"Dense Suburban",1,0.550545,0.506,0.84751,114867,41.2,0.189850058,0.24,0.029,NA
"FL-05","Florida",5,11.5198,"Dense Suburban",0,0.801685,0.509,0.8463,115644,39.3,0.174161921,0.303,0.019,NA
"MI-06","Michigan",6,11.5115,"Dense Suburban",1,0.765213,0.503,0.88275,120504,38.8,0.171143198,0.276,0.022,"Midwest"
"MA-03","Massachusetts",3,11.50051,"Dense Suburban",1,0.78102,0.507,0.91476,129462,39.5,0.157051036,0.222,0.028,"Northeast"
"FL-09","Florida",9,11.49649,"Suburban-Exurban",1,0.821662,0.5,0.69493,95156,38.5,0.14254158,0.239,0.023,NA
"CO-07","Colorado",7,11.49257,"Suburban-Exurban",1,0.724362,0.488,0.97203,125098,41.7,0.189617898,0.311,0.019,"West"
"GA-11","Georgia",11,11.4803,"Suburban-Exurban",0,0.786646,0.514,0.90472,115456,37.6,0.145182204,0.282,0.022,"South"
"OH-10","Ohio",10,11.47421,"Suburban-Exurban",0,0.782035,0.511,0.64173,87361,39.4,0.189919888,0.182,0.03,"Midwest"
"NY-17","New York",17,11.44308,"Suburban-Exurban",0,0.771464,0.5,1.15661,172012,40.2,0.17825848,0.273,0.03,"Northeast"
"PA-07","Pennsylvania",7,11.4384,"Suburban-Exurban",1,0.77434,0.504,0.7266,103346,40.9,0.189835215,0.195,0.029,"Northeast"
"NM-01","New Mexico",1,11.43298,"Suburban-Exurban",1,0.713527,0.504,0.66579,91517,40.6,0.198799765,0.214,0.023,NA
"FL-19","Florida",19,11.42951,"Suburban-Exurban",0,0.802244,0.51,0.76223,109733,54.6,0.348039998,0.23,0.018,NA
"MO-02","Missouri",2,11.42386,"Suburban-Exurban",0,0.778625,0.51,0.96915,133197,41.8,0.198005458,0.29,0.018,"Midwest"
"CA-19","California",19,11.39059,"Suburban-Exurban",1,0.745616,0.502,1.18453,175344,41.4,0.202086597,0.279,0.024,"West"
"CA-48","California",48,11.38078,"Suburban-Exurban",0,0.766556,0.5,1.05095,123665,38.7,0.173545051,0.22,0.025,"West"
"OH-15","Ohio",15,11.37228,"Suburban-Exurban",0,0.785817,0.497,0.71285,96379,36.9,0.148911261,0.21,0.023,"Midwest"
"TX-26","Texas",26,11.37112,"Suburban-Exurban",0,0.835578,0.501,1.05363,134953,37.9,0.120614712,0.308,0.025,"South"
"OH-07","Ohio",7,11.35736,"Suburban-Exurban",0,0.774125,0.509,0.8116,107914,42.9,0.207639593,0.234,0.017,"Midwest"
"PA-06","Pennsylvania",6,11.35723,"Suburban-Exurban",1,0.771296,0.504,0.98751,138258,39.9,0.174900427,0.293,0.026,"Northeast"
"VA-10","Virginia",10,11.35405,"Suburban-Exurban",1,0.805988,0.494,1.52685,176922,38,0.11976481,0.319,0.019,"South"
"VA-04","Virginia",4,11.34923,"Suburban-Exurban",1,0.790811,0.516,0.66086,88658,37.2,0.159907993,0.206,0.034,"South"
"FL-21","Florida",21,11.32203,"Suburban-Exurban",0,0.807943,0.503,0.76355,112956,48,0.269849482,0.229,0.024,NA
"TX-22","Texas",22,11.31486,"Suburban-Exurban",0,0.843195,0.498,1.0051,128070,37.3,0.125390924,0.296,0.026,"South"
"IL-02","Illinois",2,11.29298,"Suburban-Exurban",1,0.730809,0.523,0.5778,81581,39.5,0.180168827,0.14,0.053,"Midwest"
"VA-02","Virginia",2,11.28275,"Suburban-Exurban",0,0.780161,0.504,0.83535,104065,39.3,0.169855966,0.225,0.021,"South"
"OR-06","Oregon",6,11.27783,"Suburban-Exurban",1,0.702788,0.502,0.78442,103286,38.8,0.176959481,0.222,0.024,"West"
"NY-20","New York",20,11.2734,"Suburban-Exurban",1,0.781546,0.508,0.79758,111011,40.3,0.186911583,0.232,0.032,"Northeast"
"IN-01","Indiana",1,11.26531,"Suburban-Exurban",1,0.755538,0.505,0.6958,92452,39.9,0.179397992,0.186,0.029,"Midwest"
"NJ-07","New Jersey",7,11.26173,"Suburban-Exurban",0,0.7754,0.508,1.31419,184568,44.1,0.187823059,0.326,0.029,"Northeast"
"PA-10","Pennsylvania",10,11.25456,"Suburban-Exurban",0,0.779565,0.507,0.75032,99193,39.6,0.18180652,0.207,0.023,"Northeast"
"UT-03","Utah",3,11.24393,"Suburban-Exurban",0,0.806633,0.498,0.87193,114753,30.8,0.126613962,0.294,0.018,"West"
"OH-08","Ohio",8,11.23309,"Suburban-Exurban",0,0.781678,0.504,0.72748,95642,39,0.181945763,0.193,0.022,"Midwest"
"MN-02","Minnesota",2,11.22782,"Suburban-Exurban",1,0.724575,0.502,1.01144,127199,38.5,0.152976572,0.298,0.021,"Midwest"
"CT-05","Connecticut",5,11.2163,"Suburban-Exurban",1,0.734438,0.514,0.87715,121720,40.8,0.180404609,0.227,0.032,"Northeast"
"IL-14","Illinois",14,11.21229,"Suburban-Exurban",1,0.756472,0.494,0.86174,109503,36.6,0.134297106,0.201,0.025,"Midwest"
"SC-04","South Carolina",4,11.18361,"Suburban-Exurban",0,0.754482,0.513,0.64879,94088,38.4,0.168648159,0.227,0.028,"South"
"AZ-07","Arizona",7,11.1681,"Suburban-Exurban",1,0.815141,0.499,0.52555,70987,34,0.146083929,0.138,0.031,"South"
"FL-04","Florida",4,11.16743,"Suburban-Exurban",0,0.801792,0.515,0.70226,87260,38.2,0.163786867,0.175,0.028,NA
"CA-22","California",22,11.14961,"Suburban-Exurban",0,0.775019,0.483,0.54697,73829,30.3,0.09561572,0.073,0.048,"West"
"MA-02","Massachusetts",2,11.14515,"Suburban-Exurban",1,0.785076,0.505,0.88327,124258,39.7,0.177210869,0.242,0.031,"Northeast"
"TX-08","Texas",8,11.14212,"Suburban-Exurban",0,0.82795,0.5,0.83466,115576,36.1,0.124935081,0.225,0.023,"South"
"UT-01","Utah",1,11.14186,"Suburban-Exurban",0,0.850432,0.495,0.86951,111939,32,0.11368575,0.252,0.017,"West"
"FL-17","Florida",17,11.13713,"Suburban-Exurban",0,0.839779,0.515,0.70558,94705,55.1,0.345458746,0.199,0.02,NA
"CA-20","California",20,11.13707,"Suburban-Exurban",0,0.793325,0.499,0.82983,109435,35.3,0.14616204,0.183,0.028,"West"
"TX-34","Texas",34,11.11507,"Suburban-Exurban",1,0.79019,0.503,0.48801,65789,31,0.132330199,0.137,0.038,"South"
"MA-01","Massachusetts",1,11.06145,"Suburban-Exurban",1,0.772032,0.51,0.68956,96674,42.1,0.198863519,0.191,0.029,"Northeast"
"FL-08","Florida",8,11.05486,"Suburban-Exurban",0,0.801682,0.507,0.73344,99322,48.9,0.268806085,0.213,0.023,NA
"MD-06","Maryland",6,11.05104,"Suburban-Exurban",1,0.792577,0.502,0.96041,126053,39.7,0.162129358,0.228,0.028,"South"
"NC-06","North Carolina",6,11.04841,"Suburban-Exurban",1,0.751852,0.522,0.61429,87520,39,0.170794252,0.215,0.027,"South"
"DE-01","Delaware",1,11.04734,"Suburban-Exurban",1,1.018396,0.514,0.82174,104569,41.5,0.208347244,0.21,0.027,"South"
"OK-05","Oklahoma",5,11.04301,"Suburban-Exurban",0,0.807931,0.509,0.68269,98507,37.6,0.162199495,0.25,0.024,"South"
"TX-28","Texas",28,11.00937,"Suburban-Exurban",1,0.777758,0.503,0.60356,79462,33.7,0.124984892,0.151,0.032,"South"
"FL-11","Florida",11,10.99759,"Suburban-Exurban",0,0.822462,0.511,0.78966,110304,44.9,0.25725687,0.233,0.019,NA
"OR-05","Oregon",5,10.97807,"Suburban-Exurban",0,0.719249,0.501,0.86573,116800,41.8,0.199523392,0.25,0.021,"West"
"WI-01","Wisconsin",1,10.97015,"Suburban-Exurban",0,0.729535,0.501,0.71781,94789,40.5,0.178639819,0.206,0.021,"Midwest"
"TX-05","Texas",5,10.95429,"Suburban-Exurban",0,0.787249,0.501,0.74111,93375,37.1,0.148862685,0.168,0.029,"South"
"TN-05","Tennessee",5,10.9531,"Suburban-Exurban",0,0.784695,0.51,0.86017,122728,39,0.156081025,0.299,0.016,NA
"LA-01","Louisiana",1,10.95037,"Suburban-Exurban",NA,0.775766,0.509,0.69732,99302,39.8,0.18538451,0.217,0.026,"South"
"IL-13","Illinois",13,10.9285,"Suburban-Exurban",1,0.739838,0.508,0.59843,83717,37.3,0.175251879,0.186,0.034,"Midwest"
"NE-01","Nebraska",1,10.91282,"Suburban-Exurban",0,0.659903,0.494,0.74193,94549,36.1,0.159773482,0.242,0.015,"Midwest"
"TX-15","Texas",15,10.90763,"Suburban-Exurban",0,0.776813,0.501,0.55382,78067,32.5,0.128365514,0.161,0.032,"South"
"CA-24","California",24,10.90673,"Suburban-Exurban",1,0.750711,0.497,0.91784,122616,37.7,0.187602153,0.246,0.026,"West"
"PA-11","Pennsylvania",11,10.90266,"Suburban-Exurban",0,0.76835,0.505,0.82321,104833,40.5,0.202161775,0.195,0.019,"Northeast"
"MD-05","Maryland",5,10.89787,"Suburban-Exurban",1,0.789972,0.5,1.21284,135099,38.8,0.151525624,0.233,0.028,"South"
"NC-04","North Carolina",4,10.8961,"Suburban-Exurban",1,0.761039,0.521,0.74019,101762,37.4,0.163069173,0.256,0.019,"South"
"WA-02","Washington",2,10.88959,"Suburban-Exurban",1,0.782277,0.497,0.82997,112828,40,0.199430636,0.23,0.026,"West"
"CA-04","California",4,10.88493,"Suburban-Exurban",1,0.765203,0.501,0.87319,120019,39.3,0.190464491,0.203,0.036,"West"
"VA-07","Virginia",7,10.87841,"Suburban-Exurban",1,0.79882,0.5,1.03589,118497,37.8,0.136954508,0.221,0.025,"South"
"FL-12","Florida",12,10.87248,"Suburban-Exurban",0,0.806076,0.506,0.59804,90255,47,0.261756956,0.162,0.024,NA
"IN-05","Indiana",5,10.86186,"Suburban-Exurban",0,0.772783,0.506,0.75915,114079,38.8,0.1668075,0.258,0.022,"Midwest"
"CA-25","California",25,10.85976,"Suburban-Exurban",1,0.773601,0.496,0.65453,86556,37.3,0.171044246,0.112,0.038,"West"
"TX-04","Texas",4,10.84754,"Suburban-Exurban",0,0.817813,0.5,0.92686,126702,38.8,0.145622532,0.278,0.021,"South"
"CO-02","Colorado",2,10.84144,"Suburban-Exurban",1,0.726112,0.497,0.94059,125122,37.7,0.167906604,0.347,0.023,"West"
"WA-03","Washington",3,10.83859,"Suburban-Exurban",1,0.789222,0.501,0.85196,111673,40.4,0.187109584,0.18,0.026,"West"
"TX-25","Texas",25,10.83693,"Suburban-Exurban",0,0.804617,0.51,0.73257,93297,37.3,0.16056832,0.207,0.026,"South"
"NC-13","North Carolina",13,10.83426,"Suburban-Exurban",1,0.776185,0.506,0.82201,107430,38.9,0.147535703,0.241,0.021,"South"
"OH-09","Ohio",9,10.81999,"Suburban-Exurban",1,0.780071,0.506,0.62077,86175,41.1,0.194420764,0.172,0.022,"Midwest"
"TN-02","Tennessee",2,10.81321,"Suburban-Exurban",0,0.790362,0.508,0.66809,92884,40.3,0.188326362,0.211,0.015,NA
"LA-06","Louisiana",6,10.79623,"Suburban-Exurban",NA,0.796937,0.513,0.70632,96885,35.9,0.15388042,0.202,0.03,"South"
"NY-18","New York",18,10.77794,"Suburban-Exurban",1,0.786432,0.502,0.87124,113651,39.5,0.175149282,0.192,0.025,"Northeast"
"WI-05","Wisconsin",5,10.76168,"Suburban-Exurban",0,0.741842,0.499,0.89947,120254,42.9,0.198948024,0.265,0.015,"Midwest"
"NY-22","New York",22,10.73647,"Suburban-Exurban",0,0.764843,0.508,0.68941,93531,40.4,0.194093428,0.197,0.023,"Northeast"
"TX-21","Texas",21,10.72731,"Suburban-Exurban",0,0.807859,0.502,0.88786,118488,40.2,0.188608408,0.297,0.021,"South"
"TX-31","Texas",31,10.70318,"Suburban-Exurban",0,0.841841,0.502,0.89116,118353,37.2,0.14370172,0.253,0.025,"South"
"AZ-09","Arizona",9,10.70182,"Suburban-Exurban",0,0.851459,0.501,0.7331,99426,41.5,0.210939106,0.157,0.03,"South"
"MI-08","Michigan",8,10.69794,"Suburban-Exurban",1,0.768166,0.51,0.57526,81071,41.5,0.198567757,0.169,0.039,"Midwest"
"CA-03","California",3,10.69738,"Suburban-Exurban",0,0.773866,0.502,0.98689,138499,43.7,0.223374589,0.263,0.023,"West"
"VA-01","Virginia",1,10.69374,"Suburban-Exurban",0,0.810541,0.511,0.99057,125150,41.8,0.199153405,0.28,0.017,"South"
"TX-14","Texas",14,10.69072,"Suburban-Exurban",0,0.773046,0.491,0.68463,97049,38.2,0.155941561,0.18,0.032,"South"
"UT-02","Utah",2,10.68866,"Suburban-Exurban",0,0.849661,0.489,0.80789,106281,33.7,0.139354401,0.213,0.019,"West"
"IL-17","Illinois",17,10.68504,"Suburban-Exurban",1,0.738355,0.502,0.56834,76341,38.7,0.189109575,0.158,0.029,"Midwest"
"AZ-06","Arizona",6,10.67026,"Suburban-Exurban",0,0.790643,0.504,0.71152,97110,44.1,0.261196267,0.231,0.024,"South"
"MA-09","Massachusetts",9,10.66888,"Suburban-Exurban",1,0.785636,0.507,0.94066,135443,47.3,0.246616754,0.251,0.025,"Northeast"
"CA-05","California",5,10.6608,"Suburban-Exurban",0,0.778853,0.505,0.84734,117476,41.4,0.206017053,0.194,0.031,"West"
"SC-01","South Carolina",1,10.65648,"Suburban-Exurban",0,0.762713,0.507,0.85282,114474,41.3,0.205288228,0.259,0.016,"South"
"SC-02","South Carolina",2,10.65473,"Suburban-Exurban",0,0.75064,0.514,0.71562,92365,40,0.176877065,0.214,0.029,"South"
"TX-36","Texas",36,10.65274,"Suburban-Exurban",0,0.770407,0.501,0.67663,91223,36.7,0.145094736,0.164,0.026,"South"
"CA-23","California",23,10.65169,"Suburban-Exurban",0,0.756057,0.485,0.68322,92714,34,0.134761003,0.118,0.043,"West"
"IN-06","Indiana",6,10.64735,"Suburban-Exurban",0,0.758725,0.503,0.69426,90452,38.2,0.170594089,0.185,0.02,"Midwest"
"KY-06","Kentucky",6,10.63682,"Suburban-Exurban",0,0.754485,0.508,0.62298,88251,37.4,0.162945585,0.215,0.032,"South"
"NH-01","New Hampshire",1,10.62228,"Suburban-Exurban",1,0.703923,0.504,0.91412,122606,42.8,0.195399213,0.253,0.013,"Northeast"
"KS-04","Kansas",4,10.60621,"Suburban-Exurban",0,0.737034,0.501,0.65593,85966,37.4,0.169808991,0.202,0.03,"Midwest"
"WI-02","Wisconsin",2,10.60495,"Suburban-Exurban",1,0.743974,0.497,0.82271,108255,37.7,0.165516537,0.296,0.014,"Midwest"
"TX-06","Texas",6,10.59703,"Suburban-Exurban",0,0.801951,0.487,0.75003,94733,36,0.126975339,0.182,0.025,"South"
"WA-08","Washington",8,10.57876,"Suburban-Exurban",1,0.765776,0.49,1.19767,162820,39.7,0.155165479,0.257,0.02,"West"
"WA-06","Washington",6,10.57689,"Suburban-Exurban",1,0.773605,0.495,0.84233,110751,42.5,0.222145669,0.213,0.026,"West"
"CA-13","California",13,10.56639,"Suburban-Exurban",0,0.782352,0.491,0.67465,90186,32.2,0.114407581,0.107,0.057,"West"
"PA-08","Pennsylvania",8,10.55984,"Suburban-Exurban",1,0.766586,0.501,0.63172,87863,43.1,0.205812525,0.174,0.033,"Northeast"
"TX-11","Texas",11,10.5536,"Suburban-Exurban",0,0.777332,0.493,0.62147,86551,33.9,0.135546973,0.167,0.029,"South"
"MI-07","Michigan",7,10.5525,"Suburban-Exurban",1,0.779873,0.506,0.74404,100573,38.7,0.175397789,0.223,0.025,"Midwest"
"MI-04","Michigan",4,10.54956,"Suburban-Exurban",0,0.77849,0.506,0.70086,92562,37.8,0.177655461,0.209,0.023,"Midwest"
"IA-03","Iowa",3,10.54495,"Suburban-Exurban",0,0.81407,0.501,0.7496,104117,37.6,0.160299483,0.253,0.02,"Midwest"
"NJ-02","New Jersey",2,10.52803,"Suburban-Exurban",0,0.791164,0.501,0.8085,108849,43.1,0.209067905,0.195,0.033,"Northeast"
"AL-06","Alabama",6,10.51947,"Suburban-Exurban",0,0.710137,0.516,0.78796,112952,39.8,0.170772682,0.248,0.017,NA
"OH-14","Ohio",14,10.5151,"Suburban-Exurban",0,0.784361,0.501,0.65214,91799,42.9,0.211588796,0.19,0.024,"Midwest"
"FL-01","Florida",1,10.48931,"Rural-Exurban",0,0.789347,0.495,0.71302,91357,39,0.174587349,0.2,0.023,NA
"MN-06","Minnesota",6,10.45171,"Rural-Exurban",0,0.731533,0.492,0.9593,120995,37.5,0.140643006,0.244,0.018,"Midwest"
"WA-05","Washington",5,10.43452,"Rural-Exurban",0,0.785349,0.499,0.67085,96025,38.6,0.185337983,0.209,0.026,"West"
"AR-03","Arkansas",3,10.41405,"Rural-Exurban",0,0.784904,0.501,0.66414,91554,35.6,0.144960403,0.205,0.024,NA
"CT-02","Connecticut",2,10.38751,"Rural-Exurban",1,0.727411,0.503,0.88894,120303,42.5,0.204528114,0.223,0.026,"Northeast"
"NV-02","Nevada",2,10.38652,"Rural-Exurban",0,0.791398,0.491,0.79687,102689,40.2,0.19174423,0.176,0.029,"West"
"GA-09","Georgia",9,10.38211,"Rural-Exurban",0,0.794277,0.505,0.76038,99178,40.4,0.176439706,0.201,0.022,"South"
"KY-04","Kentucky",4,10.35224,"Rural-Exurban",0,0.762092,0.502,0.75907,101293,39.5,0.166302756,0.203,0.022,"South"
"FL-06","Florida",6,10.34874,"Rural-Exurban",0,0.812621,0.512,0.60287,83926,49.2,0.279114126,0.165,0.021,NA
"GA-14","Georgia",14,10.32933,"Rural-Exurban",0,0.779321,0.501,0.69169,90546,39.1,0.157582049,0.142,0.019,"South"
"IN-02","Indiana",2,10.29184,"Rural-Exurban",0,0.754764,0.505,0.62487,86538,37.9,0.176210047,0.165,0.019,"Midwest"
"AL-05","Alabama",5,10.27975,"Rural-Exurban",0,0.743238,0.506,0.73698,101427,40.2,0.172317616,0.221,0.021,NA
"AR-02","Arkansas",2,10.27967,"Rural-Exurban",0,0.761676,0.521,0.60134,86830,38.6,0.172123055,0.192,0.027,NA
"FL-18","Florida",18,10.27548,"Rural-Exurban",0,0.833693,0.498,0.5781,78504,40.2,0.211612668,0.128,0.023,NA
"SC-06","South Carolina",6,10.26945,"Rural-Exurban",1,0.74111,0.521,0.51364,75482,37.1,0.172225446,0.178,0.035,"South"
"TN-03","Tennessee",3,10.26313,"Rural-Exurban",0,0.788228,0.509,0.68127,93286,40.8,0.190076983,0.181,0.018,NA
"AL-07","Alabama",7,10.25422,"Rural-Exurban",1,0.716121,0.527,0.45784,70138,36.5,0.17216085,0.162,0.034,NA
"TN-07","Tennessee",7,10.24005,"Rural-Exurban",0,0.80173,0.508,0.70095,92273,35.5,0.138433138,0.215,0.024,NA
"CA-02","California",2,10.21213,"Rural-Exurban",1,0.74741,0.507,0.92721,143695,45.5,0.236768307,0.257,0.036,"West"
"NC-09","North Carolina",9,10.20829,"Rural-Exurban",0,0.769258,0.509,0.62661,79319,36.5,0.172139906,0.184,0.026,"South"
"LA-03","Louisiana",3,10.18615,"Rural-Exurban",NA,0.760945,0.509,0.53406,83247,38,0.162249571,0.166,0.029,"South"
"IN-03","Indiana",3,10.18394,"Rural-Exurban",0,0.76211,0.502,0.65522,86998,37.5,0.170842792,0.169,0.023,"Midwest"
"NC-08","North Carolina",8,10.18313,"Rural-Exurban",0,0.760699,0.507,0.69466,97207,40.5,0.170373564,0.177,0.023,"South"
"CO-04","Colorado",4,10.18295,"Rural-Exurban",0,0.748891,0.485,1.08087,140908,39.1,0.154187993,0.32,0.018,"West"
"NC-10","North Carolina",10,10.17915,"Rural-Exurban",0,0.768814,0.5,0.64668,88672,42.9,0.192945238,0.183,0.023,"South"
"OK-04","Oklahoma",4,10.17789,"Rural-Exurban",0,0.805331,0.498,0.62067,78845,36.3,0.158385807,0.177,0.029,"South"
"OR-04","Oregon",4,10.15422,"Rural-Exurban",1,0.71545,0.502,0.61845,81852,42.5,0.233152561,0.193,0.03,"West"
"TX-10","Texas",10,10.15221,"Rural-Exurban",0,0.803507,0.495,0.80035,117620,36.5,0.148516441,0.26,0.023,"South"
"MO-03","Missouri",3,10.14706,"Rural-Exurban",0,0.773675,0.507,0.75478,97042,39.7,0.183274631,0.213,0.021,"Midwest"
"OH-06","Ohio",6,10.12129,"Rural-Exurban",0,0.778876,0.501,0.57817,75239,43.2,0.221416503,0.14,0.019,"Midwest"
"MD-01","Maryland",1,10.11806,"Rural-Exurban",0,0.781695,0.503,0.87671,113507,42.2,0.198133543,0.202,0.02,"South"
"GA-10","Georgia",10,10.11493,"Rural-Exurban",0,0.806637,0.511,0.73988,95128,37.7,0.151582434,0.183,0.026,"South"
"AL-01","Alabama",1,10.10553,"Rural-Exurban",0,0.730935,0.515,0.58781,83458,40.9,0.193123876,0.171,0.029,NA
"PA-16","Pennsylvania",16,10.09883,"Rural-Exurban",0,0.76143,0.504,0.61715,87862,42.9,0.213797723,0.189,0.02,"Northeast"
"TN-06","Tennessee",6,10.09657,"Rural-Exurban",0,0.783125,0.499,0.64687,89526,39.6,0.177156903,0.194,0.021,NA
"HI-02","Hawaii",2,10.08184,"Rural-Exurban",1,0.722458,0.495,0.89314,110163,40.7,0.204104598,0.199,0.022,NA
"SC-05","South Carolina",5,10.07118,"Rural-Exurban",0,0.758549,0.513,0.66451,89708,40.5,0.179376678,0.187,0.024,"South"
"WA-04","Washington",4,10.07076,"Rural-Exurban",0,0.78319,0.492,0.73355,93585,35,0.153684291,0.15,0.031,"West"
"WI-08","Wisconsin",8,10.06483,"Rural-Exurban",0,0.74203,0.496,0.7193,94154,41.3,0.188185114,0.209,0.017,"Midwest"
"MO-07","Missouri",7,10.0606,"Rural-Exurban",0,0.785669,0.507,0.56419,74018,38.5,0.182813628,0.175,0.022,"Midwest"
"GA-03","Georgia",3,10.05251,"Rural-Exurban",0,0.785113,0.511,0.74348,99129,39.1,0.173208188,0.173,0.023,"South"
"VA-06","Virginia",6,10.05085,"Rural-Exurban",0,0.784909,0.514,0.67623,88953,40.8,0.203113992,0.174,0.022,"South"
"MI-09","Michigan",9,10.04531,"Rural-Exurban",0,0.777301,0.501,0.78456,106685,43.8,0.196492736,0.182,0.019,"Midwest"
"NC-05","North Carolina",5,10.03604,"Rural-Exurban",0,0.754512,0.514,0.54503,81612,41.6,0.201550141,0.186,0.028,"South"
"TX-17","Texas",17,10.03186,"Rural-Exurban",0,0.781996,0.493,0.63266,81530,35.9,0.152381854,0.167,0.03,"South"
"TX-27","Texas",27,10.02864,"Rural-Exurban",0,0.771898,0.496,0.61819,82853,38.2,0.171166398,0.136,0.029,"South"
"NY-19","New York",19,10.01977,"Rural-Exurban",0,0.7686,0.5,0.67645,92799,42.2,0.213001561,0.185,0.024,"Northeast"
"NC-07","North Carolina",7,10.01653,"Rural-Exurban",0,0.774574,0.514,0.62763,85247,41.8,0.210931428,0.203,0.024,"South"
"ID-01","Idaho",1,10.01293,"Rural-Exurban",0,0.98495,0.494,0.72898,93106,39.6,0.185164729,0.205,0.017,"West"
"ID-02","Idaho",2,9.99565,"Rural-Exurban",0,0.954083,0.499,0.72674,92108,35.5,0.154233961,0.224,0.019,"West"
"NM-02","New Mexico",2,9.98027,"Rural-Exurban",1,0.696764,0.503,0.5355,71424,36.9,0.173502075,0.134,0.03,NA
"TX-19","Texas",19,9.97486,"Rural-Exurban",0,0.767757,0.489,0.58951,84101,33.7,0.140566612,0.167,0.026,"South"
"TX-13","Texas",13,9.96255,"Rural-Exurban",0,0.776421,0.489,0.64369,85974,36.2,0.151028888,0.167,0.021,"South"
"TX-23","Texas",23,9.96234,"Rural-Exurban",0,0.778355,0.491,0.71327,95460,34.6,0.136439028,0.195,0.023,"South"
"IN-04","Indiana",4,9.95885,"Rural-Exurban",0,0.768518,0.493,0.72677,97133,37.4,0.159984542,0.196,0.016,"Midwest"
"PA-14","Pennsylvania",14,9.93512,"Rural-Exurban",0,0.755713,0.501,0.62622,88772,45.1,0.229679786,0.172,0.029,"Northeast"
"GA-02","Georgia",2,9.92455,"Rural-Exurban",1,0.755007,0.514,0.48779,68437,37.7,0.166100447,0.122,0.036,"South"
"OH-05","Ohio",5,9.90051,"Rural-Exurban",0,0.785544,0.504,0.64333,88710,40.9,0.193171866,0.159,0.019,"Midwest"
"ME-01","Maine",1,9.89315,"Rural-Exurban",1,0.697698,0.51,0.80938,107030,44.3,0.220377585,0.27,0.018,"Northeast"
"GA-01","Georgia",1,9.88095,"Rural-Exurban",0,0.790309,0.513,0.63376,82187,37.1,0.162632591,0.168,0.027,"South"
"TN-01","Tennessee",1,9.8716,"Rural-Exurban",0,0.781128,0.505,0.54716,76834,43.9,0.210449504,0.15,0.021,NA
"FL-03","Florida",3,9.85896,"Rural-Exurban",0,0.794723,0.501,0.56286,80520,40.5,0.217855781,0.162,0.024,NA
"OH-04","Ohio",4,9.84778,"Rural-Exurban",0,0.79935,0.495,0.72537,99973,40.7,0.179650966,0.188,0.023,"Midwest"
"CA-01","California",1,9.84611,"Rural-Exurban",0,0.758561,0.496,0.64471,89083,38.7,0.189180567,0.164,0.038,"West"
"WI-06","Wisconsin",6,9.83501,"Rural-Exurban",0,0.733889,0.493,0.68092,93250,42.7,0.205573322,0.189,0.013,"Midwest"
"SC-07","South Carolina",7,9.82861,"Rural-Exurban",0,0.762499,0.521,0.53313,77890,45,0.236909163,0.161,0.027,"South"
"KS-02","Kansas",2,9.77136,"Rural-Exurban",0,0.730784,0.496,0.60983,80182,37.7,0.174475632,0.169,0.025,"Midwest"
"OH-12","Ohio",12,9.76928,"Rural-Exurban",0,0.793038,0.499,0.69819,95227,40,0.177722883,0.179,0.022,"Midwest"
"FL-02","Florida",2,9.76267,"Rural-Exurban",0,0.792422,0.499,0.57516,83388,38.8,0.176904478,0.172,0.025,NA
"IN-09","Indiana",9,9.74306,"Rural-Exurban",0,0.760778,0.501,0.67283,86927,39.6,0.176168343,0.164,0.021,"Midwest"
"IA-02","Iowa",2,9.73029,"Rural-Exurban",0,0.793421,0.5,0.67862,91117,40.2,0.198049963,0.204,0.02,"Midwest"
"SC-03","South Carolina",3,9.72732,"Rural-Exurban",0,0.752641,0.506,0.56693,80331,41.3,0.196218383,0.157,0.023,"South"
"NC-11","North Carolina",11,9.70481,"Rural-Exurban",0,0.756051,0.521,0.62261,85301,45.7,0.248876068,0.224,0.017,"South"
"MS-04","Mississippi",4,9.69525,"Rural-Exurban",0,0.750414,0.513,0.5746,77273,38.9,0.172612718,0.155,0.031,"South"
"MI-05","Michigan",5,9.67438,"Rural-Exurban",0,0.768082,0.495,0.64067,85508,42,0.201067074,0.148,0.029,"Midwest"
"TN-04","Tennessee",4,9.67047,"Rural-Exurban",0,0.796991,0.502,0.65227,82606,37.9,0.156931509,0.173,0.016,NA
"GA-12","Georgia",12,9.65989,"Rural-Exurban",0,0.770831,0.506,0.56189,80133,37.1,0.160525459,0.145,0.029,"South"
"IA-01","Iowa",1,9.65413,"Rural-Exurban",0,0.798442,0.499,0.67381,87516,39,0.183372117,0.211,0.018,"Midwest"
"NH-02","New Hampshire",2,9.63994,"Rural-Exurban",1,0.691308,0.497,0.88494,119762,43.8,0.208932921,0.239,0.02,"Northeast"
"TX-01","Texas",1,9.61616,"Rural-Exurban",0,0.775992,0.509,0.60999,83392,39.1,0.182360127,0.147,0.022,"South"
"PA-09","Pennsylvania",9,9.61451,"Rural-Exurban",0,0.76096,0.5,0.6571,86986,43.2,0.213241169,0.15,0.024,"Northeast"
"WV-02","West Virginia",2,9.60292,"Rural-Exurban",0,0.898343,0.498,0.59773,81933,42,0.201145887,0.162,0.026,"South"
"IL-16","Illinois",16,9.59515,"Rural-Exurban",0,0.745274,0.5,0.78393,100707,41.7,0.204599919,0.205,0.023,"Midwest"
"NY-24","New York",24,9.59475,"Rural-Exurban",0,0.774173,0.498,0.66103,85603,42.3,0.205073026,0.16,0.026,"Northeast"
"IN-08","Indiana",8,9.56708,"Rural-Exurban",0,0.752244,0.498,0.61601,82509,39.8,0.191958992,0.151,0.019,"Midwest"
"KY-02","Kentucky",2,9.56108,"Rural-Exurban",0,0.756377,0.503,0.61768,86840,39.6,0.171492523,0.144,0.022,"South"
"TN-08","Tennessee",8,9.55329,"Rural-Exurban",0,0.768105,0.515,0.63678,94568,41.3,0.195376934,0.168,0.025,NA
"AL-02","Alabama",2,9.51913,"Rural-Exurban",0,0.723094,0.515,0.57561,78988,39.1,0.180406697,0.155,0.024,NA
"OK-03","Oklahoma",3,9.51656,"Rural-Exurban",0,0.796469,0.491,0.54397,73175,35.5,0.153314191,0.15,0.025,"South"
"PA-13","Pennsylvania",13,9.46451,"Mostly Rural",0,0.764692,0.5,0.6443,87402,43.6,0.218689355,0.138,0.018,"Northeast"
"AL-03","Alabama",3,9.46407,"Mostly Rural",0,0.723164,0.514,0.54047,76517,39.4,0.182316874,0.152,0.027,NA
"LA-04","Louisiana",4,9.45829,"Mostly Rural",NA,0.761461,0.511,0.48618,70897,38.5,0.176946685,0.132,0.033,"South"
"NC-01","North Carolina",1,9.45644,"Mostly Rural",1,0.753536,0.514,0.53854,75802,40.7,0.197284536,0.161,0.031,"South"
"MN-01","Minnesota",1,9.4322,"Mostly Rural",0,0.714126,0.497,0.73826,97587,39.4,0.191356987,0.204,0.02,"Midwest"
"OH-02","Ohio",2,9.35387,"Mostly Rural",0,0.786489,0.499,0.61589,84216,41.1,0.185701262,0.132,0.02,"Midwest"
"NC-03","North Carolina",3,9.34073,"Mostly Rural",0,0.756848,0.492,0.61546,80318,37.8,0.185326512,0.176,0.022,"South"
"VA-05","Virginia",5,9.33159,"Mostly Rural",0,0.79742,0.507,0.63384,95989,41.4,0.209034135,0.201,0.021,"South"
"GA-08","Georgia",8,9.29515,"Mostly Rural",0,0.769408,0.509,0.55822,81177,37.2,0.16323849,0.125,0.022,"South"
"NY-23","New York",23,9.27141,"Mostly Rural",0,0.770357,0.505,0.66388,94297,43.9,0.217518631,0.171,0.026,"Northeast"
"ND-01","North Dakota",1,9.26211,"Mostly Rural",0,0.779261,0.488,0.7197,94991,36.2,0.16720072,0.223,0.015,"Midwest"
"MO-06","Missouri",6,9.23278,"Mostly Rural",0,0.768652,0.499,0.66176,91011,39.3,0.179909764,0.165,0.02,"Midwest"
"MS-01","Mississippi",1,9.21649,"Mostly Rural",0,0.748916,0.513,0.56871,80948,38.1,0.16711487,0.146,0.022,"South"
"IA-04","Iowa",4,9.20412,"Mostly Rural",0,0.794584,0.492,0.68755,88720,39,0.194862972,0.19,0.02,"Midwest"
"MS-03","Mississippi",3,9.18269,"Mostly Rural",0,0.735973,0.522,0.56209,81816,39.3,0.175824385,0.173,0.024,"South"
"AL-04","Alabama",4,9.14366,"Mostly Rural",0,0.727607,0.512,0.5496,79078,40.8,0.188182632,0.118,0.024,NA
"MO-04","Missouri",4,9.13833,"Mostly Rural",0,0.780184,0.497,0.62213,82741,38.4,0.180890662,0.158,0.023,"Midwest"
"CO-03","Colorado",3,9.12253,"Mostly Rural",0,0.731516,0.498,0.67311,89336,41.8,0.209341969,0.224,0.022,"West"
"VA-09","Virginia",9,9.07969,"Mostly Rural",0,0.785166,0.498,0.5426,80818,44,0.224976629,0.142,0.015,"South"
"WV-01","West Virginia",1,9.06467,"Mostly Rural",0,0.876813,0.509,0.49609,78668,43.8,0.222925527,0.137,0.024,"South"
"VT-01","Vermont",1,9.05338,"Mostly Rural",1,0.647064,0.504,0.73991,95179,43.2,0.216094544,0.245,0.018,"Northeast"
"LA-05","Louisiana",5,9.05237,"Mostly Rural",NA,0.767855,0.502,0.46162,70807,37.7,0.174527743,0.136,0.033,"South"
"NM-03","New Mexico",3,9.01836,"Mostly Rural",1,0.703053,0.506,0.5879,81134,40.4,0.202040244,0.156,0.03,NA
"WI-03","Wisconsin",3,9.00014,"Mostly Rural",0,0.741433,0.491,0.6752,87090,39.5,0.194120035,0.185,0.018,"Midwest"
"MO-08","Missouri",8,8.99901,"Mostly Rural",0,0.775424,0.5,0.53903,76922,40.7,0.185685509,0.137,0.023,"Midwest"
"MS-02","Mississippi",2,8.97501,"Mostly Rural",1,0.704754,0.511,0.40532,63317,39.4,0.183178811,0.13,0.034,"South"
"KS-01","Kansas",1,8.97284,"Mostly Rural",0,0.727503,0.493,0.60646,77866,36,0.178764899,0.188,0.019,"Midwest"
"SD-01","South Dakota",1,8.9698,"Mostly Rural",0,0.909824,0.492,0.69728,89048,38.5,0.182352851,0.217,0.019,"Midwest"
"MT-01","Montana",1,8.95109,"Mostly Rural",0,0.569331,0.491,0.65994,91510,39.9,0.199843325,0.241,0.021,"West"
"PA-15","Pennsylvania",15,8.93615,"Mostly Rural",0,0.759208,0.488,0.60094,80712,42.7,0.211631068,0.143,0.019,"Northeast"
"IL-12","Illinois",12,8.90855,"Mostly Rural",0,0.748293,0.496,0.62253,81304,41.9,0.198515822,0.152,0.022,"Midwest"
"OR-02","Oregon",2,8.90369,"Mostly Rural",0,0.700774,0.495,0.62171,83149,43.1,0.233150773,0.146,0.029,"West"
"IL-15","Illinois",15,8.88089,"Mostly Rural",0,0.746507,0.503,0.66614,87685,42.1,0.210729437,0.16,0.019,"Midwest"
"KY-01","Kentucky",1,8.87433,"Mostly Rural",0,0.757381,0.506,0.54615,74436,40,0.189415895,0.123,0.025,"South"
"AR-01","Arkansas",1,8.83946,"Mostly Rural",0,0.747672,0.501,0.50233,76033,41.1,0.193695899,0.112,0.029,NA
"MI-02","Michigan",2,8.82769,"Mostly Rural",0,0.781036,0.49,0.6103,79846,41.6,0.196318736,0.143,0.023,"Midwest"
"AZ-02","Arizona",2,8.78438,"Mostly Rural",0,0.8205,0.494,0.62015,81524,41.9,0.230145034,0.156,0.027,"South"
"NY-21","New York",21,8.77082,"Mostly Rural",0,0.776361,0.487,0.66565,85227,42.4,0.207135598,0.155,0.02,"Northeast"
"KY-05","Kentucky",5,8.76626,"Mostly Rural",0,0.739149,0.499,0.42736,65175,41.9,0.188090629,0.089,0.02,"South"
"AR-04","Arkansas",4,8.73533,"Mostly Rural",0,0.751385,0.501,0.48035,68641,41,0.198485464,0.12,0.023,NA
"AK-01","Alaska",1,8.7344,"Mostly Rural",1,0.733583,0.474,0.88121,106785,35.9,0.138326542,0.192,0.029,"West"
"MN-08","Minnesota",8,8.7145,"Mostly Rural",0,0.725126,0.491,0.69868,92889,42.6,0.214961262,0.18,0.022,"Midwest"
"OK-02","Oklahoma",2,8.6155,"Mostly Rural",0,0.802111,0.501,0.50776,72998,39.7,0.191936029,0.135,0.022,"South"
"MT-02","Montana",2,8.61416,"Mostly Rural",0,0.553536,0.499,0.69884,89221,40.5,0.202984088,0.216,0.017,"West"
"ME-02","Maine",2,8.55475,"Mostly Rural",1,0.687642,0.501,0.59676,81913,46,0.231422746,0.175,0.022,"Northeast"
"WY-01","Wyoming",1,8.52656,"Mostly Rural",0,0.581381,0.488,0.70042,88486,39.1,0.185743944,0.18,0.024,"West"
"WI-07","Wisconsin",7,8.42007,"Mostly Rural",0,0.740385,0.492,0.66222,89948,45.4,0.225724454,0.178,0.017,"Midwest"
"MI-01","Michigan",1,8.3504,"Mostly Rural",0,0.782743,0.488,0.60877,78945,47.6,0.25738333,0.177,0.021,"Midwest"
"NE-03","Nebraska",3,8.26581,"Mostly Rural",0,0.649904,0.498,0.61627,80233,40.6,0.21024182,0.173,0.013,"Midwest"
"MN-07","Minnesota",7,8.14396,"Mostly Rural",0,0.713848,0.493,0.70672,90681,41.9,0.213216259,0.178,0.019,"Midwest"
