"","State","stcd","district","urbanindex","grouping","incumbent_party","Winning.party","Total.Population","Percentage.Women","Median.Household.Income","Mean.Household.Income","Median.Age","Percentage.Retirees..65..","Percentage.Bachelors.Degree.in.Population.over.25","Unemployment.Rate..16.and.over.","Region","index"
"1","Alabama","AL-02",2,9.51913,"Rural-Exurban",0,0,723094,0.515,57561,78988,39.1,0.180406697,0.155,0.024,NA,39
"2","Alabama","AL-04",4,9.14366,"Mostly Rural",0,0,727607,0.512,54960,79078,40.8,0.188182632,0.118,0.024,NA,39
"3","Alabama","AL-01",1,10.10553,"Rural-Exurban",0,0,730935,0.515,58781,83458,40.9,0.193123876,0.171,0.029,NA,39
"4","Alabama","AL-03",3,9.46407,"Mostly Rural",0,0,723164,0.514,54047,76517,39.4,0.182316874,0.152,0.027,NA,39
"5","Alabama","AL-06",6,10.51947,"Suburban-Exurban",0,0,710137,0.516,78796,112952,39.8,0.170772682,0.248,0.017,NA,39
"6","Alabama","AL-07",7,10.25422,"Rural-Exurban",1,1,716121,0.527,45784,70138,36.5,0.17216085,0.162,0.034,NA,39
"7","Alabama","AL-05",5,10.27975,"Rural-Exurban",0,0,743238,0.506,73698,101427,40.2,0.172317616,0.221,0.021,NA,39
"8","Alaska","AK-01",1,8.7344,"Mostly Rural",1,1,733583,0.474,88121,106785,35.9,0.138326542,0.192,0.029,"West",49
"9","Arizona","AZ-05",5,12.09759,"Dense Suburban",0,0,835596,0.503,101489,133517,38.3,0.165972551,0.257,0.018,"South",15
"10","Arizona","AZ-09",9,10.70182,"Suburban-Exurban",1,0,851459,0.501,73310,99426,41.5,0.210939106,0.157,0.03,"South",15
"11","Arizona","AZ-02",2,8.78438,"Mostly Rural",1,0,820500,0.494,62015,81524,41.9,0.230145034,0.156,0.027,"South",15
"12","Arizona","AZ-06",6,10.67026,"Suburban-Exurban",0,0,790643,0.504,71152,97110,44.1,0.261196267,0.231,0.024,"South",15
"13","Arizona","AZ-08",8,12.33945,"Dense Suburban",0,0,811500,0.512,79042,104214,42.6,0.232293284,0.201,0.024,"South",15
"14","Arizona","AZ-03",3,12.67575,"Urban-Suburban",1,1,835089,0.495,63913,84482,31,0.0872889,0.121,0.032,"South",15
"15","Arizona","AZ-07",7,11.1681,"Suburban-Exurban",1,1,815141,0.499,52555,70987,34,0.146083929,0.138,0.031,"South",15
"16","Arizona","AZ-01",1,12.05529,"Dense Suburban",1,0,799436,0.507,91562,142247,43.9,0.210979991,0.323,0.021,"South",15
"17","Arizona","AZ-04",4,12.56294,"Urban-Suburban",0,1,799833,0.487,79108,98571,34.6,0.148994853,0.24,0.025,"South",15
"18","Arkansas","AR-04",4,8.73533,"Mostly Rural",0,0,751385,0.501,48035,68641,41,0.198485464,0.12,0.023,NA,40
"19","Arkansas","AR-02",2,10.27967,"Rural-Exurban",0,0,761676,0.521,60134,86830,38.6,0.172123055,0.192,0.027,NA,40
"20","Arkansas","AR-01",1,8.83946,"Mostly Rural",0,0,747672,0.501,50233,76033,41.1,0.193695899,0.112,0.029,NA,40
"21","Arkansas","AR-03",3,10.41405,"Rural-Exurban",0,0,784904,0.501,66414,91554,35.6,0.144960403,0.205,0.024,NA,40
"22","California","CA-45",45,13.2715,"Dense Urban",1,0,752508,0.503,100891,131008,40.8,0.172068603,0.252,0.027,"West",3
"23","California","CA-01",1,9.84611,"Rural-Exurban",0,0,758561,0.496,64471,89083,38.7,0.189180567,0.164,0.038,"West",3
"24","California","CA-37",37,13.94794,"Dense Urban",1,1,740416,0.498,64565,105185,34.5,0.121773435,0.18,0.046,"West",3
"25","California","CA-43",43,13.62739,"Dense Urban",1,1,723043,0.513,66509,90543,35.5,0.126258051,0.154,0.044,"West",3
"26","California","CA-28",28,12.95812,"Urban-Suburban",1,1,719742,0.513,98310,147928,43,0.194655863,0.279,0.027,"West",3
"27","California","CA-50",50,12.38566,"Dense Suburban",0,1,748969,0.486,108881,147311,37,0.152242616,0.326,0.028,"West",3
"28","California","CA-44",44,13.30183,"Dense Urban",1,1,735344,0.505,78725,104095,36.8,0.14033024,0.17,0.039,"West",3
"29","California","CA-13",13,10.56639,"Suburban-Exurban",1,0,782352,0.491,67465,90186,32.2,0.114407581,0.107,0.057,"West",3
"30","California","CA-18",18,11.6734,"Dense Suburban",1,1,734686,0.482,96509,125896,34.5,0.122027642,0.169,0.029,"West",3
"31","California","CA-08",8,11.90436,"Dense Suburban",0,1,748189,0.511,91501,120329,38.7,0.166381756,0.2,0.039,"West",3
"32","California","CA-17",17,12.89651,"Urban-Suburban",1,1,740766,0.474,166489,225445,37.4,0.134193524,0.299,0.027,"West",3
"33","California","CA-12",12,12.99689,"Urban-Suburban",1,1,736597,0.503,100136,158118,38.3,0.161431556,0.29,0.026,"West",3
"34","California","CA-25",25,10.85976,"Suburban-Exurban",0,1,773601,0.496,65453,86556,37.3,0.171044246,0.112,0.038,"West",3
"35","California","CA-39",39,12.26121,"Dense Suburban",0,1,770106,0.501,84017,101185,32.9,0.109708274,0.119,0.037,"West",3
"36","California","CA-51",51,12.76409,"Urban-Suburban",1,1,757528,0.5,100357,126874,37.3,0.147778036,0.273,0.031,"West",3
"37","California","CA-31",31,12.91872,"Urban-Suburban",1,1,730452,0.5,82631,104798,39.1,0.160287055,0.164,0.03,"West",3
"38","California","CA-27",27,11.69082,"Dense Suburban",1,0,737592,0.504,98123,126171,37.9,0.139512088,0.195,0.038,"West",3
"39","California","CA-34",34,13.78271,"Dense Urban",1,1,745561,0.488,58845,90698,36.6,0.141218492,0.198,0.043,"West",3
"40","California","CA-07",7,12.37742,"Dense Suburban",1,1,763060,0.504,85158,111062,37.3,0.157310041,0.22,0.034,"West",3
"41","California","CA-11",11,13.56329,"Dense Urban",1,1,705678,0.484,139300,219266,39.7,0.179640006,0.369,0.024,"West",3
"42","California","CA-14",14,12.35435,"Dense Suburban",1,1,733220,0.507,135760,176217,40.6,0.160562996,0.29,0.029,"West",3
"43","California","CA-15",15,12.74003,"Urban-Suburban",1,1,719254,0.5,135162,194363,41.3,0.182016367,0.277,0.024,"West",3
"44","California","CA-46",46,13.41158,"Dense Urban",1,1,749454,0.504,80779,102727,34.8,0.120453023,0.157,0.028,"West",3
"45","California","CA-38",38,13.05118,"Dense Urban",1,1,720021,0.504,90687,116060,40.2,0.174783791,0.204,0.027,"West",3
"46","California","CA-04",4,10.88493,"Suburban-Exurban",0,1,765203,0.501,87319,120019,39.3,0.190464491,0.203,0.036,"West",3
"47","California","CA-42",42,13.38775,"Dense Urban",0,1,723841,0.507,73006,96607,36,0.124614384,0.173,0.033,"West",3
"48","California","CA-20",20,11.13707,"Suburban-Exurban",1,0,793325,0.499,82983,109435,35.3,0.14616204,0.183,0.028,"West",3
"49","California","CA-30",30,13.35822,"Dense Urban",1,1,732048,0.502,85046,127287,40,0.167505409,0.33,0.044,"West",3
"50","California","CA-47",47,12.75985,"Urban-Suburban",1,1,752940,0.503,117944,167329,38.5,0.161201424,0.358,0.026,"West",3
"51","California","CA-16",16,12.69778,"Urban-Suburban",1,1,735381,0.504,160623,252250,40.6,0.179766679,0.292,0.023,"West",3
"52","California","CA-29",29,13.2762,"Dense Urban",1,1,728732,0.495,67175,93964,36.6,0.130563774,0.179,0.049,"West",3
"53","California","CA-24",24,10.90673,"Suburban-Exurban",1,1,750711,0.497,91784,122616,37.7,0.187602153,0.246,0.026,"West",3
"54","California","CA-06",6,12.55663,"Urban-Suburban",1,1,749993,0.506,80409,103919,36.6,0.145234689,0.202,0.033,"West",3
"55","California","CA-35",35,12.69247,"Urban-Suburban",1,1,769910,0.497,84692,102832,34.2,0.107626865,0.154,0.036,"West",3
"56","California","CA-36",36,13.0746,"Dense Urban",1,1,727412,0.514,121164,178732,40.7,0.18294859,0.376,0.036,"West",3
"57","California","CA-48",48,11.38078,"Suburban-Exurban",0,0,766556,0.5,105095,123665,38.7,0.173545051,0.22,0.025,"West",3
"58","California","CA-09",9,11.65593,"Dense Suburban",1,1,769426,0.498,86062,112256,35.4,0.137290656,0.156,0.041,"West",3
"59","California","CA-03",3,10.69738,"Suburban-Exurban",1,0,773866,0.502,98689,138499,43.7,0.223374589,0.263,0.023,"West",3
"60","California","CA-33",33,12.51408,"Urban-Suburban",1,1,774631,0.505,81830,102043,33.7,0.109676736,0.14,0.036,"West",3
"61","California","CA-23",23,10.65169,"Suburban-Exurban",0,0,756057,0.485,68322,92714,34,0.134761003,0.118,0.043,"West",3
"62","California","CA-52",52,12.86991,"Urban-Suburban",1,1,749240,0.503,79870,97953,35.3,0.13451364,0.181,0.04,"West",3
"63","California","CA-05",5,10.6608,"Suburban-Exurban",1,0,778853,0.505,84734,117476,41.4,0.206017053,0.194,0.031,"West",3
"64","California","CA-02",2,10.21213,"Rural-Exurban",1,1,747410,0.507,92721,143695,45.5,0.236768307,0.257,0.036,"West",3
"65","California","CA-26",26,11.6762,"Dense Suburban",1,1,758064,0.506,107265,147543,39.4,0.170844414,0.238,0.028,"West",3
"66","California","CA-40",40,12.52466,"Urban-Suburban",1,0,742204,0.503,124144,159845,43.1,0.192022678,0.316,0.025,"West",3
"67","California","CA-19",19,11.39059,"Suburban-Exurban",1,1,745616,0.502,118453,175344,41.4,0.202086597,0.279,0.024,"West",3
"68","California","CA-10",10,11.99965,"Dense Suburban",1,1,754064,0.504,143122,197073,41.4,0.171409854,0.319,0.026,"West",3
"69","California","CA-49",49,11.85506,"Dense Suburban",1,1,752364,0.488,109380,150874,40,0.179736138,0.306,0.026,"West",3
"70","California","CA-32",32,12.8771,"Urban-Suburban",1,1,783556,0.504,103213,164440,40.6,0.179102706,0.311,0.039,"West",3
"71","California","CA-21",21,11.73072,"Dense Suburban",0,1,748904,0.494,61213,82126,32,0.112003675,0.121,0.051,"West",3
"72","California","CA-22",22,11.14961,"Suburban-Exurban",0,0,775019,0.483,54697,73829,30.3,0.09561572,0.073,0.048,"West",3
"73","California","CA-41",41,11.54949,"Dense Suburban",1,0,797316,0.49,95306,123567,40.1,0.186320104,0.203,0.031,"West",3
"74","Colorado","CO-03",3,9.12253,"Mostly Rural",0,0,731516,0.498,67311,89336,41.8,0.209341969,0.224,0.022,"West",11
"75","Colorado","CO-08",8,11.73294,"Dense Suburban",NA,1,737452,0.495,92047,114194,35.4,0.121652663,0.198,0.026,"West",11
"76","Colorado","CO-01",1,12.90034,"Urban-Suburban",1,1,720042,0.495,87684,129542,35,0.123283086,0.358,0.027,"West",11
"77","Colorado","CO-02",2,10.84144,"Suburban-Exurban",1,1,726112,0.497,94059,125122,37.7,0.167906604,0.347,0.023,"West",11
"78","Colorado","CO-04",4,10.18295,"Rural-Exurban",0,0,748891,0.485,108087,140908,39.1,0.154187993,0.32,0.018,"West",11
"79","Colorado","CO-06",6,12.55418,"Urban-Suburban",1,1,718693,0.498,91725,123611,37.8,0.148881372,0.286,0.028,"West",11
"80","Colorado","CO-05",5,11.6376,"Dense Suburban",0,0,732858,0.488,82432,101822,35.1,0.139591845,0.258,0.026,"West",11
"81","Colorado","CO-07",7,11.49257,"Suburban-Exurban",1,1,724362,0.488,97203,125098,41.7,0.189617898,0.311,0.019,"West",11
"82","Connecticut","CT-02",2,10.38751,"Rural-Exurban",1,1,727411,0.503,88894,120303,42.5,0.204528114,0.223,0.026,"Northeast",28
"83","Connecticut","CT-01",1,11.72734,"Dense Suburban",1,1,718849,0.516,80371,111086,40.2,0.18023674,0.22,0.034,"Northeast",28
"84","Connecticut","CT-03",3,11.80288,"Dense Suburban",1,1,735042,0.511,86205,120600,39.9,0.179546203,0.2,0.028,"Northeast",28
"85","Connecticut","CT-05",5,11.2163,"Suburban-Exurban",1,1,734438,0.514,87715,121720,40.8,0.180404609,0.227,0.032,"Northeast",28
"86","Connecticut","CT-04",4,11.88718,"Dense Suburban",1,1,710465,0.507,106972,190234,41.1,0.170174463,0.281,0.034,"Northeast",28
"87","Delaware","DE-01",1,11.04734,"Suburban-Exurban",1,1,1018396,0.514,82174,104569,41.5,0.208347244,0.21,0.027,"South",36
"88","Florida","FL-17",17,11.13713,"Suburban-Exurban",0,0,839779,0.515,70558,94705,55.1,0.345458746,0.199,0.02,NA,8
"89","Florida","FL-02",2,9.76267,"Rural-Exurban",0,0,792422,0.499,57516,83388,38.8,0.176904478,0.172,0.025,NA,8
"90","Florida","FL-10",10,12.39927,"Dense Suburban",1,1,766928,0.51,64575,96054,34.9,0.127559562,0.256,0.029,NA,8
"91","Florida","FL-09",9,11.49649,"Suburban-Exurban",1,1,821662,0.5,69493,95156,38.5,0.14254158,0.239,0.023,NA,8
"92","Florida","FL-24",24,12.99463,"Urban-Suburban",1,1,791673,0.505,60388,95698,39.7,0.165784358,0.202,0.029,NA,8
"93","Florida","FL-03",3,9.85896,"Rural-Exurban",0,0,794723,0.501,56286,80520,40.5,0.217855781,0.162,0.024,NA,8
"94","Florida","FL-26",26,12.35861,"Dense Suburban",0,0,796673,0.509,67071,92098,42.6,0.189362511,0.192,0.021,NA,8
"95","Florida","FL-08",8,11.05486,"Suburban-Exurban",0,0,801682,0.507,73344,99322,48.9,0.268806085,0.213,0.023,NA,8
"96","Florida","FL-16",16,11.5819,"Dense Suburban",0,0,824961,0.519,79125,103570,43.4,0.229684797,0.225,0.021,NA,8
"97","Florida","FL-25",25,12.59246,"Urban-Suburban",0,1,767802,0.504,79024,110218,41.9,0.170180593,0.265,0.028,NA,8
"98","Florida","FL-18",18,10.27548,"Rural-Exurban",0,0,833693,0.498,57810,78504,40.2,0.211612668,0.128,0.023,NA,8
"99","Florida","FL-23",23,12.53913,"Urban-Suburban",1,1,768707,0.513,80179,121695,43.1,0.2136874,0.274,0.024,NA,8
"100","Florida","FL-07",7,11.56998,"Dense Suburban",1,0,788222,0.509,75437,103461,42.3,0.20143183,0.223,0.022,NA,8
"101","Florida","FL-04",4,11.16743,"Suburban-Exurban",0,0,801792,0.515,70226,87260,38.2,0.163786867,0.175,0.028,NA,8
"102","Florida","FL-14",14,12.15817,"Dense Suburban",1,1,782155,0.505,70955,113446,39,0.165459532,0.26,0.028,NA,8
"103","Florida","FL-06",6,10.34874,"Rural-Exurban",0,0,812621,0.512,60287,83926,49.2,0.279114126,0.165,0.021,NA,8
"104","Florida","FL-13",13,12.18172,"Dense Suburban",1,0,763693,0.517,65785,102181,51.5,0.281768983,0.221,0.022,NA,8
"105","Florida","FL-28",28,11.99153,"Dense Suburban",NA,0,740547,0.503,73429,95459,41.4,0.174433223,0.198,0.017,NA,8
"106","Florida","FL-21",21,11.32203,"Suburban-Exurban",1,0,807943,0.503,76355,112956,48,0.269849482,0.229,0.024,NA,8
"107","Florida","FL-15",15,11.70438,"Dense Suburban",0,0,817831,0.503,67704,96929,38.9,0.166025744,0.213,0.028,NA,8
"108","Florida","FL-19",19,11.42951,"Suburban-Exurban",0,0,802244,0.51,76223,109733,54.6,0.348039998,0.23,0.018,NA,8
"109","Florida","FL-12",12,10.87248,"Suburban-Exurban",0,0,806076,0.506,59804,90255,47,0.261756956,0.162,0.024,NA,8
"110","Florida","FL-05",5,11.5198,"Dense Suburban",1,0,801685,0.509,84630,115644,39.3,0.174161921,0.303,0.019,NA,8
"111","Florida","FL-27",27,12.86377,"Urban-Suburban",0,0,754619,0.509,75323,129442,42.2,0.191162693,0.251,0.018,NA,8
"112","Florida","FL-22",22,12.34584,"Dense Suburban",1,1,783947,0.513,73404,114136,46.7,0.26959348,0.235,0.025,NA,8
"113","Florida","FL-20",20,12.52127,"Urban-Suburban",1,1,768934,0.513,57237,78305,39.8,0.179841183,0.167,0.039,NA,8
"114","Florida","FL-01",1,10.48931,"Rural-Exurban",0,0,789347,0.495,71302,91357,39,0.174587349,0.2,0.023,NA,8
"115","Florida","FL-11",11,10.99759,"Suburban-Exurban",0,0,822462,0.511,78966,110304,44.9,0.25725687,0.233,0.019,NA,8
"116","Georgia","GA-04",4,12.11052,"Dense Suburban",1,1,781395,0.525,73742,107398,36.6,0.137351788,0.229,0.034,"South",19
"117","Georgia","GA-09",9,10.38211,"Rural-Exurban",0,0,794277,0.505,76038,99178,40.4,0.176439706,0.201,0.022,"South",19
"118","Georgia","GA-06",6,11.6706,"Dense Suburban",1,0,790519,0.504,123105,159602,40.2,0.150852794,0.359,0.019,"South",19
"119","Georgia","GA-11",11,11.4803,"Suburban-Exurban",0,0,786646,0.514,90472,115456,37.6,0.145182204,0.282,0.022,"South",19
"120","Georgia","GA-14",14,10.32933,"Rural-Exurban",0,0,779321,0.501,69169,90546,39.1,0.157582049,0.142,0.019,"South",19
"121","Georgia","GA-02",2,9.92455,"Rural-Exurban",1,1,755007,0.514,48779,68437,37.7,0.166100447,0.122,0.036,"South",19
"122","Georgia","GA-07",7,12.16479,"Dense Suburban",1,1,776248,0.512,84547,111242,36.2,0.116447321,0.255,0.027,"South",19
"123","Georgia","GA-12",12,9.65989,"Rural-Exurban",0,0,770831,0.506,56189,80133,37.1,0.160525459,0.145,0.029,"South",19
"124","Georgia","GA-08",8,9.29515,"Mostly Rural",0,0,769408,0.509,55822,81177,37.2,0.16323849,0.125,0.022,"South",19
"125","Georgia","GA-10",10,10.11493,"Rural-Exurban",0,0,806637,0.511,73988,95128,37.7,0.151582434,0.183,0.026,"South",19
"126","Georgia","GA-05",5,12.50446,"Urban-Suburban",1,1,759771,0.514,80430,128358,34.8,0.131388274,0.31,0.032,"South",19
"127","Georgia","GA-01",1,9.88095,"Rural-Exurban",0,0,790309,0.513,63376,82187,37.1,0.162632591,0.168,0.027,"South",19
"128","Georgia","GA-03",3,10.05251,"Rural-Exurban",0,0,785113,0.511,74348,99129,39.1,0.173208188,0.173,0.023,"South",19
"129","Georgia","GA-13",13,11.68632,"Dense Suburban",1,1,767394,0.531,71993,89033,36.4,0.115705883,0.193,0.033,"South",19
"130","Hawaii","HI-02",2,10.08184,"Rural-Exurban",1,1,722458,0.495,89314,110163,40.7,0.204104598,0.199,0.022,NA,21
"131","Hawaii","HI-01",1,12.29852,"Dense Suburban",1,1,717738,0.497,96086,119586,40.9,0.205084585,0.242,0.021,NA,21
"132","Idaho","ID-02",2,9.99565,"Rural-Exurban",0,0,954083,0.499,72674,92108,35.5,0.154233961,0.224,0.019,"West",41
"133","Idaho","ID-01",1,10.01293,"Rural-Exurban",0,0,984950,0.494,72898,93106,39.6,0.185164729,0.205,0.017,"West",41
"134","Illinois","IL-13",13,10.9285,"Suburban-Exurban",0,1,739838,0.508,59843,83717,37.3,0.175251879,0.186,0.034,"Midwest",4
"135","Illinois","IL-15",15,8.88089,"Mostly Rural",0,0,746507,0.503,66614,87685,42.1,0.210729437,0.16,0.019,"Midwest",4
"136","Illinois","IL-05",5,13.26219,"Dense Urban",1,1,732819,0.51,104191,155018,37.5,0.162124617,0.374,0.018,"Midwest",4
"137","Illinois","IL-08",8,12.2366,"Dense Suburban",1,1,749823,0.498,91317,115163,40,0.155063262,0.267,0.028,"Midwest",4
"138","Illinois","IL-01",1,12.39519,"Dense Suburban",1,1,728550,0.524,64107,93637,40.2,0.185970764,0.179,0.052,"Midwest",4
"139","Illinois","IL-11",11,11.60326,"Dense Suburban",1,1,766225,0.505,99802,133296,40.1,0.160294953,0.276,0.029,"Midwest",4
"140","Illinois","IL-02",2,11.29298,"Suburban-Exurban",1,1,730809,0.523,57780,81581,39.5,0.180168827,0.14,0.053,"Midwest",4
"141","Illinois","IL-17",17,10.68504,"Suburban-Exurban",1,1,738355,0.502,56834,76341,38.7,0.189109575,0.158,0.029,"Midwest",4
"142","Illinois","IL-07",7,13.64136,"Dense Urban",1,1,758917,0.527,76365,123828,34.2,0.130824583,0.257,0.045,"Midwest",4
"143","Illinois","IL-10",10,11.70691,"Dense Suburban",1,1,744016,0.496,98057,145104,40.2,0.168745027,0.259,0.02,"Midwest",4
"144","Illinois","IL-12",12,8.90855,"Mostly Rural",0,0,748293,0.496,62253,81304,41.9,0.198515822,0.152,0.022,"Midwest",4
"145","Illinois","IL-03",3,13.31683,"Dense Urban",1,1,708538,0.492,78452,110500,37.2,0.140538687,0.247,0.031,"Midwest",4
"146","Illinois","IL-06",6,12.51739,"Urban-Suburban",1,1,737763,0.509,95298,131149,41.1,0.198036497,0.262,0.026,"Midwest",4
"147","Illinois","IL-16",16,9.59515,"Rural-Exurban",0,0,745274,0.5,78393,100707,41.7,0.204599919,0.205,0.023,"Midwest",4
"148","Illinois","IL-04",4,13.3979,"Dense Urban",1,1,718854,0.498,69123,101737,37.2,0.142607539,0.154,0.039,"Midwest",4
"149","Illinois","IL-09",9,12.90872,"Urban-Suburban",1,1,730979,0.498,86692,125253,41.6,0.188283111,0.321,0.033,"Midwest",4
"150","Illinois","IL-14",14,11.21229,"Suburban-Exurban",1,1,756472,0.494,86174,109503,36.6,0.134297106,0.201,0.025,"Midwest",4
"151","Indiana","IN-03",3,10.18394,"Rural-Exurban",0,0,762110,0.502,65522,86998,37.5,0.170842792,0.169,0.023,"Midwest",23
"152","Indiana","IN-05",5,10.86186,"Suburban-Exurban",0,0,772783,0.506,75915,114079,38.8,0.1668075,0.258,0.022,"Midwest",23
"153","Indiana","IN-02",2,10.29184,"Rural-Exurban",0,0,754764,0.505,62487,86538,37.9,0.176210047,0.165,0.019,"Midwest",23
"154","Indiana","IN-06",6,10.64735,"Suburban-Exurban",0,0,758725,0.503,69426,90452,38.2,0.170594089,0.185,0.02,"Midwest",23
"155","Indiana","IN-09",9,9.74306,"Rural-Exurban",0,0,760778,0.501,67283,86927,39.6,0.176168343,0.164,0.021,"Midwest",23
"156","Indiana","IN-04",4,9.95885,"Rural-Exurban",0,0,768518,0.493,72677,97133,37.4,0.159984542,0.196,0.016,"Midwest",23
"157","Indiana","IN-08",8,9.56708,"Rural-Exurban",0,0,752244,0.498,61601,82509,39.8,0.191958992,0.151,0.019,"Midwest",23
"158","Indiana","IN-07",7,12.2291,"Dense Suburban",1,1,747577,0.518,59595,86131,34.4,0.132387701,0.232,0.037,"Midwest",23
"159","Indiana","IN-01",1,11.26531,"Suburban-Exurban",1,1,755538,0.505,69580,92452,39.9,0.179397992,0.186,0.029,"Midwest",23
"160","Iowa","IA-03",3,10.54495,"Suburban-Exurban",1,0,814070,0.501,74960,104117,37.6,0.160299483,0.253,0.02,"Midwest",38
"161","Iowa","IA-01",1,9.65413,"Rural-Exurban",0,0,798442,0.499,67381,87516,39,0.183372117,0.211,0.018,"Midwest",38
"162","Iowa","IA-02",2,9.73029,"Rural-Exurban",0,0,793421,0.5,67862,91117,40.2,0.198049963,0.204,0.02,"Midwest",38
"163","Iowa","IA-04",4,9.20412,"Mostly Rural",0,0,794584,0.492,68755,88720,39,0.194862972,0.19,0.02,"Midwest",38
"164","Kansas","KS-02",2,9.77136,"Rural-Exurban",0,0,730784,0.496,60983,80182,37.7,0.174475632,0.169,0.025,"Midwest",33
"165","Kansas","KS-01",1,8.97284,"Mostly Rural",0,0,727503,0.493,60646,77866,36,0.178764899,0.188,0.019,"Midwest",33
"166","Kansas","KS-04",4,10.60621,"Suburban-Exurban",0,0,737034,0.501,65593,85966,37.4,0.169808991,0.202,0.03,"Midwest",33
"167","Kansas","KS-03",3,11.52846,"Dense Suburban",1,1,741829,0.503,91626,126418,39,0.166657006,0.312,0.02,"Midwest",33
"168","Kentucky","KY-01",1,8.87433,"Mostly Rural",0,0,757381,0.506,54615,74436,40,0.189415895,0.123,0.025,"South",24
"169","Kentucky","KY-02",2,9.56108,"Rural-Exurban",0,0,756377,0.503,61768,86840,39.6,0.171492523,0.144,0.022,"South",24
"170","Kentucky","KY-05",5,8.76626,"Mostly Rural",0,0,739149,0.499,42736,65175,41.9,0.188090629,0.089,0.02,"South",24
"171","Kentucky","KY-06",6,10.63682,"Suburban-Exurban",0,0,754485,0.508,62298,88251,37.4,0.162945585,0.215,0.032,"South",24
"172","Kentucky","KY-04",4,10.35224,"Rural-Exurban",0,0,762092,0.502,75907,101293,39.5,0.166302756,0.203,0.022,"South",24
"173","Kentucky","KY-03",3,12.09429,"Dense Suburban",1,1,742826,0.513,63327,94222,38.3,0.173977486,0.214,0.033,"South",24
"174","Louisiana","LA-02",2,11.77477,"Dense Suburban",1,1,727277,0.519,48015,76074,39,0.166924019,0.16,0.041,"South",30
"175","Louisiana","LA-03",3,10.18615,"Rural-Exurban",0,0,760945,0.509,53406,83247,38,0.162249571,0.166,0.029,"South",30
"176","Louisiana","LA-04",4,9.45829,"Mostly Rural",0,0,761461,0.511,48618,70897,38.5,0.176946685,0.132,0.033,"South",30
"177","Louisiana","LA-06",6,10.79623,"Suburban-Exurban",0,0,796937,0.513,70632,96885,35.9,0.15388042,0.202,0.03,"South",30
"178","Louisiana","LA-05",5,9.05237,"Mostly Rural",0,0,767855,0.502,46162,70807,37.7,0.174527743,0.136,0.033,"South",30
"179","Louisiana","LA-01",1,10.95037,"Suburban-Exurban",0,0,775766,0.509,69732,99302,39.8,0.18538451,0.217,0.026,"South",30
"180","Maine","ME-01",1,9.89315,"Rural-Exurban",1,1,697698,0.51,80938,107030,44.3,0.220377585,0.27,0.018,"Northeast",42
"181","Maine","ME-02",2,8.55475,"Mostly Rural",1,1,687642,0.501,59676,81913,46,0.231422746,0.175,0.022,"Northeast",42
"182","Maryland","MD-02",2,11.81179,"Dense Suburban",1,1,772153,0.524,92468,124196,40.5,0.183183903,0.262,0.025,"South",9
"183","Maryland","MD-03",3,11.8092,"Dense Suburban",1,1,777611,0.508,119418,154016,40.2,0.1614239,0.29,0.019,"South",9
"184","Maryland","MD-06",6,11.05104,"Suburban-Exurban",1,1,792577,0.502,96041,126053,39.7,0.162129358,0.228,0.028,"South",9
"185","Maryland","MD-05",5,10.89787,"Suburban-Exurban",1,1,789972,0.5,121284,135099,38.8,0.151525624,0.233,0.028,"South",9
"186","Maryland","MD-07",7,12.91544,"Urban-Suburban",1,1,744504,0.532,56870,85174,36.8,0.163050837,0.172,0.033,"South",9
"187","Maryland","MD-01",1,10.11806,"Rural-Exurban",0,0,781695,0.503,87671,113507,42.2,0.198133543,0.202,0.02,"South",9
"188","Maryland","MD-04",4,12.67143,"Urban-Suburban",1,1,750800,0.524,86941,103631,37.9,0.145672616,0.191,0.035,"South",9
"189","Maryland","MD-08",8,12.69373,"Urban-Suburban",1,1,755348,0.51,123494,171443,41.6,0.187945159,0.278,0.022,"South",9
"190","Massachusetts","MA-01",1,11.06145,"Suburban-Exurban",1,1,772032,0.51,68956,96674,42.1,0.198863519,0.191,0.029,"Northeast",6
"191","Massachusetts","MA-03",3,11.50051,"Dense Suburban",1,1,781020,0.507,91476,129462,39.5,0.157051036,0.222,0.028,"Northeast",6
"192","Massachusetts","MA-08",8,12.42628,"Dense Suburban",1,1,773868,0.51,103758,153589,40.2,0.17861961,0.288,0.027,"Northeast",6
"193","Massachusetts","MA-07",7,13.54608,"Dense Urban",1,1,754113,0.512,81795,129758,32.9,0.122880788,0.264,0.038,"Northeast",6
"194","Massachusetts","MA-05",5,12.75613,"Urban-Suburban",1,1,776294,0.515,115167,171015,39.5,0.172569928,0.284,0.017,"Northeast",6
"195","Massachusetts","MA-04",4,11.77869,"Dense Suburban",1,1,782122,0.515,110374,165007,40.3,0.166950936,0.255,0.03,"Northeast",6
"196","Massachusetts","MA-06",6,11.83451,"Dense Suburban",1,1,771813,0.511,106226,149868,43.2,0.201604534,0.279,0.021,"Northeast",6
"197","Massachusetts","MA-02",2,11.14515,"Suburban-Exurban",1,1,785076,0.505,88327,124258,39.7,0.177210869,0.242,0.031,"Northeast",6
"198","Massachusetts","MA-09",9,10.66888,"Suburban-Exurban",1,1,785636,0.507,94066,135443,47.3,0.246616754,0.251,0.025,"Northeast",6
"199","Michigan","MI-02",2,8.82769,"Mostly Rural",0,0,781036,0.49,61030,79846,41.6,0.196318736,0.143,0.023,"Midwest",16
"200","Michigan","MI-05",5,9.67438,"Rural-Exurban",1,0,768082,0.495,64067,85508,42,0.201067074,0.148,0.029,"Midwest",16
"201","Michigan","MI-08",8,10.69794,"Suburban-Exurban",1,1,768166,0.51,57526,81071,41.5,0.198567757,0.169,0.039,"Midwest",16
"202","Michigan","MI-10",10,12.41793,"Dense Suburban",0,0,764788,0.512,71936,95139,41,0.187787988,0.189,0.03,"Midwest",16
"203","Michigan","MI-07",7,10.5525,"Suburban-Exurban",0,1,779873,0.506,74404,100573,38.7,0.175397789,0.223,0.025,"Midwest",16
"204","Michigan","MI-12",12,12.66166,"Urban-Suburban",1,1,759672,0.517,54818,79389,37.3,0.167448583,0.165,0.043,"Midwest",16
"205","Michigan","MI-13",13,12.4986,"Dense Suburban",1,1,757463,0.516,47778,75789,37.3,0.162566356,0.128,0.049,"Midwest",16
"206","Michigan","MI-06",6,11.5115,"Dense Suburban",0,1,765213,0.503,88275,120504,38.8,0.171143198,0.276,0.022,"Midwest",16
"207","Michigan","MI-04",4,10.54956,"Suburban-Exurban",0,0,778490,0.506,70086,92562,37.8,0.177655461,0.209,0.023,"Midwest",16
"208","Michigan","MI-01",1,8.3504,"Mostly Rural",0,0,782743,0.488,60877,78945,47.6,0.25738333,0.177,0.021,"Midwest",16
"209","Michigan","MI-11",11,12.18432,"Dense Suburban",1,1,769865,0.503,86379,125050,40.7,0.183963422,0.278,0.027,"Midwest",16
"210","Michigan","MI-03",3,11.59025,"Dense Suburban",NA,1,781426,0.503,72574,98781,35.9,0.155383875,0.25,0.023,"Midwest",16
"211","Michigan","MI-09",9,10.04531,"Rural-Exurban",1,0,777301,0.501,78456,106685,43.8,0.196492736,0.182,0.019,"Midwest",16
"212","Minnesota","MN-05",5,12.88577,"Urban-Suburban",1,1,706667,0.499,77372,112891,34.7,0.134365974,0.312,0.031,"Midwest",12
"213","Minnesota","MN-04",4,12.31958,"Dense Suburban",1,1,700555,0.507,82138,114222,37.2,0.159739064,0.289,0.023,"Midwest",12
"214","Minnesota","MN-02",2,11.22782,"Suburban-Exurban",1,1,724575,0.502,101144,127199,38.5,0.152976572,0.298,0.021,"Midwest",12
"215","Minnesota","MN-03",3,11.89663,"Dense Suburban",1,1,700754,0.504,100867,142010,41.4,0.185129161,0.329,0.021,"Midwest",12
"216","Minnesota","MN-07",7,8.14396,"Mostly Rural",0,0,713848,0.493,70672,90681,41.9,0.213216259,0.178,0.019,"Midwest",12
"217","Minnesota","MN-08",8,8.7145,"Mostly Rural",0,0,725126,0.491,69868,92889,42.6,0.214961262,0.18,0.022,"Midwest",12
"218","Minnesota","MN-01",1,9.4322,"Mostly Rural",0,0,714126,0.497,73826,97587,39.4,0.191356987,0.204,0.02,"Midwest",12
"219","Minnesota","MN-06",6,10.45171,"Rural-Exurban",0,0,731533,0.492,95930,120995,37.5,0.140643006,0.244,0.018,"Midwest",12
"220","Mississippi","MS-01",1,9.21649,"Mostly Rural",0,0,748916,0.513,56871,80948,38.1,0.16711487,0.146,0.022,"South",43
"221","Mississippi","MS-04",4,9.69525,"Rural-Exurban",0,0,750414,0.513,57460,77273,38.9,0.172612718,0.155,0.031,"South",43
"222","Mississippi","MS-03",3,9.18269,"Mostly Rural",0,0,735973,0.522,56209,81816,39.3,0.175824385,0.173,0.024,"South",43
"223","Mississippi","MS-02",2,8.97501,"Mostly Rural",1,1,704754,0.511,40532,63317,39.4,0.183178811,0.13,0.034,"South",43
"224","Missouri","MO-08",8,8.99901,"Mostly Rural",0,0,775424,0.5,53903,76922,40.7,0.185685509,0.137,0.023,"Midwest",20
"225","Missouri","MO-04",4,9.13833,"Mostly Rural",0,0,780184,0.497,62213,82741,38.4,0.180890662,0.158,0.023,"Midwest",20
"226","Missouri","MO-03",3,10.14706,"Rural-Exurban",0,0,773675,0.507,75478,97042,39.7,0.183274631,0.213,0.021,"Midwest",20
"227","Missouri","MO-06",6,9.23278,"Mostly Rural",0,0,768652,0.499,66176,91011,39.3,0.179909764,0.165,0.02,"Midwest",20
"228","Missouri","MO-05",5,11.89316,"Dense Suburban",1,1,773627,0.513,61184,86890,37.1,0.163878717,0.222,0.023,"Midwest",20
"229","Missouri","MO-01",1,12.366,"Dense Suburban",1,1,742101,0.521,57762,86740,37,0.166225352,0.214,0.035,"Midwest",20
"230","Missouri","MO-07",7,10.0606,"Rural-Exurban",0,0,785669,0.507,56419,74018,38.5,0.182813628,0.175,0.022,"Midwest",20
"231","Missouri","MO-02",2,11.42386,"Suburban-Exurban",0,0,778625,0.51,96915,133197,41.8,0.198005458,0.29,0.018,"Midwest",20
"232","Montana","MT-01",1,8.95109,"Mostly Rural",0,0,569331,0.491,65994,91510,39.9,0.199843325,0.241,0.021,"West",48
"233","Montana","MT-02",2,8.61416,"Mostly Rural",NA,0,553536,0.499,69884,89221,40.5,0.202984088,0.216,0.017,"West",48
"234","Nebraska","NE-01",1,10.91282,"Suburban-Exurban",0,0,659903,0.494,74193,94549,36.1,0.159773482,0.242,0.015,"Midwest",26
"235","Nebraska","NE-02",2,11.95222,"Dense Suburban",0,0,658116,0.5,77535,110786,35.9,0.141046563,0.264,0.019,"Midwest",26
"236","Nebraska","NE-03",3,8.26581,"Mostly Rural",0,0,649904,0.498,61627,80233,40.6,0.21024182,0.173,0.013,"Midwest",26
"237","Nevada","NV-03",3,12.51288,"Urban-Suburban",1,1,796804,0.501,75550,105845,39.7,0.165811166,0.22,0.034,"West",17
"238","Nevada","NV-04",4,12.07472,"Dense Suburban",1,1,821679,0.497,70338,90471,36.9,0.153144963,0.143,0.037,"West",17
"239","Nevada","NV-02",2,10.38652,"Rural-Exurban",0,0,791398,0.491,79687,102689,40.2,0.19174423,0.176,0.029,"West",17
"240","Nevada","NV-01",1,12.57916,"Urban-Suburban",1,1,767891,0.497,63781,87925,38.9,0.167719116,0.162,0.038,"West",17
"241","New Hampshire","NH-02",2,9.63994,"Rural-Exurban",1,1,691308,0.497,88494,119762,43.8,0.208932921,0.239,0.02,"Northeast",37
"242","New Hampshire","NH-01",1,10.62228,"Suburban-Exurban",1,1,703923,0.504,91412,122606,42.8,0.195399213,0.253,0.013,"Northeast",37
"243","New Jersey","NJ-08",8,13.9866,"Dense Urban",1,1,765996,0.494,78229,127181,35.4,0.119304801,0.244,0.034,"Northeast",2
"244","New Jersey","NJ-01",1,12.28513,"Dense Suburban",1,1,766706,0.515,82670,111894,39.3,0.170873842,0.222,0.036,"Northeast",2
"245","New Jersey","NJ-05",5,12.50314,"Urban-Suburban",1,1,774198,0.506,124761,166989,42.9,0.188491833,0.312,0.029,"Northeast",2
"246","New Jersey","NJ-09",9,13.36543,"Dense Urban",1,1,751224,0.511,77469,111733,38.9,0.162034227,0.215,0.038,"Northeast",2
"247","New Jersey","NJ-06",6,12.33669,"Dense Suburban",1,1,784092,0.501,100440,132663,38,0.15253057,0.254,0.034,"Northeast",2
"248","New Jersey","NJ-12",12,11.95689,"Dense Suburban",1,1,767218,0.508,109146,148551,40.9,0.165942405,0.267,0.037,"Northeast",2
"249","New Jersey","NJ-02",2,10.52803,"Suburban-Exurban",0,0,791164,0.501,80850,108849,43.1,0.209067905,0.195,0.033,"Northeast",2
"250","New Jersey","NJ-04",4,11.69053,"Dense Suburban",0,0,786940,0.514,90090,130419,41.6,0.216282055,0.26,0.027,"Northeast",2
"251","New Jersey","NJ-07",7,11.26173,"Suburban-Exurban",1,0,775400,0.508,131419,184568,44.1,0.187823059,0.326,0.029,"Northeast",2
"252","New Jersey","NJ-10",10,13.49694,"Dense Urban",1,1,746241,0.513,67939,104054,37.9,0.146074794,0.197,0.05,"Northeast",2
"253","New Jersey","NJ-03",3,11.55043,"Dense Suburban",1,1,773328,0.508,106253,143021,43,0.191393561,0.281,0.024,"Northeast",2
"254","New Jersey","NJ-11",11,12.35098,"Dense Suburban",1,1,779192,0.506,128233,183318,41.4,0.17518147,0.329,0.029,"Northeast",2
"255","New Mexico","NM-02",2,9.98027,"Rural-Exurban",0,1,696764,0.503,53550,71424,36.9,0.173502075,0.134,0.03,NA,34
"256","New Mexico","NM-03",3,9.01836,"Mostly Rural",1,1,703053,0.506,58790,81134,40.4,0.202040244,0.156,0.03,NA,34
"257","New Mexico","NM-01",1,11.43298,"Suburban-Exurban",1,1,713527,0.504,66579,91517,40.6,0.198799765,0.214,0.023,NA,34
"258","New York","NY-12",12,14.9034,"Dense Urban",1,1,705008,0.519,142104,232024,40.3,0.198956608,0.403,0.029,"Northeast",1
"259","New York","NY-07",7,14.85414,"Dense Urban",1,1,699930,0.512,88141,137243,34.2,0.113467061,0.303,0.036,"Northeast",1
"260","New York","NY-09",9,14.69678,"Dense Urban",1,1,756507,0.528,71800,105059,36.9,0.165820012,0.234,0.049,"Northeast",1
"261","New York","NY-13",13,14.69063,"Dense Urban",1,1,770616,0.524,47855,90725,36.8,0.154432298,0.2,0.055,"Northeast",1
"262","New York","NY-15",15,14.65565,"Dense Urban",1,1,727699,0.525,42090,74697,35.5,0.136112596,0.136,0.056,"Northeast",1
"263","New York","NY-10",10,14.653,"Dense Urban",1,1,706151,0.523,103988,200712,37,0.15408744,0.325,0.033,"Northeast",1
"264","New York","NY-14",14,14.64697,"Dense Urban",1,1,730392,0.507,61052,91735,37.1,0.155212543,0.181,0.045,"Northeast",1
"265","New York","NY-08",8,14.51535,"Dense Urban",1,1,754074,0.525,58631,100435,38.1,0.176082188,0.215,0.047,"Northeast",1
"266","New York","NY-06",6,14.4845,"Dense Urban",1,1,752577,0.515,73861,104150,42.6,0.198907221,0.23,0.027,"Northeast",1
"267","New York","NY-24",24,9.59475,"Rural-Exurban",0,0,774173,0.498,66103,85603,42.3,0.205073026,0.16,0.026,"Northeast",1
"268","New York","NY-26",26,12.32544,"Dense Suburban",1,1,770160,0.51,63995,88324,39.4,0.184896645,0.193,0.021,"Northeast",1
"269","New York","NY-25",25,11.80862,"Dense Suburban",1,1,768169,0.514,67775,96132,39.7,0.190499747,0.215,0.029,"Northeast",1
"270","New York","NY-05",5,13.78018,"Dense Urban",1,1,751997,0.519,81621,108662,41.2,0.171962122,0.185,0.041,"Northeast",1
"271","New York","NY-19",19,10.01977,"Rural-Exurban",1,0,768600,0.5,67645,92799,42.2,0.213001561,0.185,0.024,"Northeast",1
"272","New York","NY-18",18,10.77794,"Suburban-Exurban",1,1,786432,0.502,87124,113651,39.5,0.175149282,0.192,0.025,"Northeast",1
"273","New York","NY-17",17,11.44308,"Suburban-Exurban",1,0,771464,0.5,115661,172012,40.2,0.17825848,0.273,0.03,"Northeast",1
"274","New York","NY-11",11,13.62688,"Dense Urban",0,0,740025,0.51,82517,119276,41,0.181791156,0.203,0.03,"Northeast",1
"275","New York","NY-20",20,11.2734,"Suburban-Exurban",1,1,781546,0.508,79758,111011,40.3,0.186911583,0.232,0.032,"Northeast",1
"276","New York","NY-23",23,9.27141,"Mostly Rural",0,0,770357,0.505,66388,94297,43.9,0.217518631,0.171,0.026,"Northeast",1
"277","New York","NY-01",1,11.83754,"Dense Suburban",0,0,775158,0.509,126171,166414,44,0.20377652,0.245,0.024,"Northeast",1
"278","New York","NY-22",22,10.73647,"Suburban-Exurban",0,0,764843,0.508,68941,93531,40.4,0.194093428,0.197,0.023,"Northeast",1
"279","New York","NY-21",21,8.77082,"Mostly Rural",0,0,776361,0.487,66565,85227,42.4,0.207135598,0.155,0.02,"Northeast",1
"280","New York","NY-16",16,13.2321,"Dense Urban",1,1,756711,0.516,96051,173412,41.2,0.178016442,0.24,0.031,"Northeast",1
"281","New York","NY-03",3,12.46215,"Dense Suburban",1,0,771208,0.513,129730,181141,44.9,0.214349436,0.293,0.023,"Northeast",1
"282","New York","NY-02",2,12.21863,"Dense Suburban",0,0,775081,0.497,113994,140582,39.9,0.160596118,0.192,0.027,"Northeast",1
"283","New York","NY-04",4,13.14159,"Dense Urban",1,0,771912,0.507,131291,164099,40.5,0.182773425,0.232,0.029,"Northeast",1
"284","North Carolina","NC-14",14,11.90635,"Dense Suburban",NA,1,766123,0.516,81717,127063,36.8,0.134105098,0.33,0.022,"South",27
"285","North Carolina","NC-05",5,10.03604,"Rural-Exurban",0,0,754512,0.514,54503,81612,41.6,0.201550141,0.186,0.028,"South",27
"286","North Carolina","NC-03",3,9.34073,"Mostly Rural",0,0,756848,0.492,61546,80318,37.8,0.185326512,0.176,0.022,"South",27
"287","North Carolina","NC-07",7,10.01653,"Rural-Exurban",0,0,774574,0.514,62763,85247,41.8,0.210931428,0.203,0.024,"South",27
"288","North Carolina","NC-08",8,10.18313,"Rural-Exurban",0,0,760699,0.507,69466,97207,40.5,0.170373564,0.177,0.023,"South",27
"289","North Carolina","NC-02",2,11.81898,"Dense Suburban",0,1,779106,0.508,96138,133177,36.8,0.127126476,0.368,0.016,"South",27
"290","North Carolina","NC-04",4,10.8961,"Suburban-Exurban",1,1,761039,0.521,74019,101762,37.4,0.163069173,0.256,0.019,"South",27
"291","North Carolina","NC-01",1,9.45644,"Mostly Rural",1,1,753536,0.514,53854,75802,40.7,0.197284536,0.161,0.031,"South",27
"292","North Carolina","NC-10",10,10.17915,"Rural-Exurban",0,0,768814,0.5,64668,88672,42.9,0.192945238,0.183,0.023,"South",27
"293","North Carolina","NC-13",13,10.83426,"Suburban-Exurban",0,1,776185,0.506,82201,107430,38.9,0.147535703,0.241,0.021,"South",27
"294","North Carolina","NC-12",12,11.79664,"Dense Suburban",1,1,770376,0.513,73841,107655,35.8,0.123180109,0.282,0.024,"South",27
"295","North Carolina","NC-11",11,9.70481,"Rural-Exurban",0,0,756051,0.521,62261,85301,45.7,0.248876068,0.224,0.017,"South",27
"296","North Carolina","NC-09",9,10.20829,"Rural-Exurban",0,0,769258,0.509,62661,79319,36.5,0.172139906,0.184,0.026,"South",27
"297","North Carolina","NC-06",6,11.04841,"Suburban-Exurban",0,1,751852,0.522,61429,87520,39,0.170794252,0.215,0.027,"South",27
"298","North Dakota","ND-01",1,9.26211,"Mostly Rural",0,0,779261,0.488,71970,94991,36.2,0.16720072,0.223,0.015,"Midwest",45
"299","Ohio","OH-07",7,11.35736,"Suburban-Exurban",0,0,774125,0.509,81160,107914,42.9,0.207639593,0.234,0.017,"Midwest",18
"300","Ohio","OH-13",13,11.65369,"Dense Suburban",1,1,778868,0.513,65001,90261,41.7,0.201669603,0.214,0.022,"Midwest",18
"301","Ohio","OH-05",5,9.90051,"Rural-Exurban",0,0,785544,0.504,64333,88710,40.9,0.193171866,0.159,0.019,"Midwest",18
"302","Ohio","OH-11",11,12.4239,"Dense Suburban",1,1,769169,0.523,50228,81926,38.5,0.183882866,0.189,0.043,"Midwest",18
"303","Ohio","OH-12",12,9.76928,"Rural-Exurban",0,0,793038,0.499,69819,95227,40,0.177722883,0.179,0.022,"Midwest",18
"304","Ohio","OH-04",4,9.84778,"Rural-Exurban",0,0,799350,0.495,72537,99973,40.7,0.179650966,0.188,0.023,"Midwest",18
"305","Ohio","OH-01",1,11.9257,"Dense Suburban",0,1,790801,0.511,74773,115110,37.2,0.156945932,0.263,0.021,"Midwest",18
"306","Ohio","OH-02",2,9.35387,"Mostly Rural",0,0,786489,0.499,61589,84216,41.1,0.185701262,0.132,0.02,"Midwest",18
"307","Ohio","OH-09",9,10.81999,"Suburban-Exurban",1,1,780071,0.506,62077,86175,41.1,0.194420764,0.172,0.022,"Midwest",18
"308","Ohio","OH-10",10,11.47421,"Suburban-Exurban",0,0,782035,0.511,64173,87361,39.4,0.189919888,0.182,0.03,"Midwest",18
"309","Ohio","OH-15",15,11.37228,"Suburban-Exurban",0,0,785817,0.497,71285,96379,36.9,0.148911261,0.21,0.023,"Midwest",18
"310","Ohio","OH-06",6,10.12129,"Rural-Exurban",0,0,778876,0.501,57817,75239,43.2,0.221416503,0.14,0.019,"Midwest",18
"311","Ohio","OH-08",8,11.23309,"Suburban-Exurban",0,0,781678,0.504,72748,95642,39,0.181945763,0.193,0.022,"Midwest",18
"312","Ohio","OH-03",3,12.51553,"Urban-Suburban",1,1,785836,0.513,67720,99116,34.5,0.133763279,0.272,0.024,"Midwest",18
"313","Ohio","OH-14",14,10.5151,"Suburban-Exurban",0,0,784361,0.501,65214,91799,42.9,0.211588796,0.19,0.024,"Midwest",18
"314","Oklahoma","OK-03",3,9.51656,"Rural-Exurban",0,0,796469,0.491,54397,73175,35.5,0.153314191,0.15,0.025,"South",32
"315","Oklahoma","OK-02",2,8.6155,"Mostly Rural",0,0,802111,0.501,50776,72998,39.7,0.191936029,0.135,0.022,"South",32
"316","Oklahoma","OK-05",5,11.04301,"Suburban-Exurban",0,0,807931,0.509,68269,98507,37.6,0.162199495,0.25,0.024,"South",32
"317","Oklahoma","OK-04",4,10.17789,"Rural-Exurban",0,0,805331,0.498,62067,78845,36.3,0.158385807,0.177,0.029,"South",32
"318","Oklahoma","OK-01",1,11.53769,"Dense Suburban",0,0,807958,0.508,64465,89759,36.7,0.157598539,0.216,0.024,"South",32
"319","Oregon","OR-05",5,10.97807,"Suburban-Exurban",1,0,719249,0.501,86573,116800,41.8,0.199523392,0.25,0.021,"West",22
"320","Oregon","OR-01",1,11.6196,"Dense Suburban",1,1,714598,0.501,89182,123435,38.3,0.159412705,0.265,0.024,"West",22
"321","Oregon","OR-02",2,8.90369,"Mostly Rural",0,0,700774,0.495,62171,83149,43.1,0.233150773,0.146,0.029,"West",22
"322","Oregon","OR-03",3,12.27807,"Dense Suburban",1,1,687278,0.496,80939,110130,39.3,0.152385207,0.253,0.032,"West",22
"323","Oregon","OR-06",6,11.27783,"Suburban-Exurban",NA,1,702788,0.502,78442,103286,38.8,0.176959481,0.222,0.024,"West",22
"324","Oregon","OR-04",4,10.15422,"Rural-Exurban",1,1,715450,0.502,61845,81852,42.5,0.233152561,0.193,0.03,"West",22
"325","Pennsylvania","PA-15",15,8.93615,"Mostly Rural",0,0,759208,0.488,60094,80712,42.7,0.211631068,0.143,0.019,"Northeast",5
"326","Pennsylvania","PA-05",5,12.70543,"Urban-Suburban",1,1,768063,0.52,79416,122836,38.7,0.164991674,0.23,0.038,"Northeast",5
"327","Pennsylvania","PA-14",14,9.93512,"Rural-Exurban",0,0,755713,0.501,62622,88772,45.1,0.229679786,0.172,0.029,"Northeast",5
"328","Pennsylvania","PA-10",10,11.25456,"Suburban-Exurban",0,0,779565,0.507,75032,99193,39.6,0.18180652,0.207,0.023,"Northeast",5
"329","Pennsylvania","PA-16",16,10.09883,"Rural-Exurban",0,0,761430,0.504,61715,87862,42.9,0.213797723,0.189,0.02,"Northeast",5
"330","Pennsylvania","PA-13",13,9.46451,"Mostly Rural",0,0,764692,0.5,64430,87402,43.6,0.218689355,0.138,0.018,"Northeast",5
"331","Pennsylvania","PA-07",7,11.4384,"Suburban-Exurban",1,1,774340,0.504,72660,103346,40.9,0.189835215,0.195,0.029,"Northeast",5
"332","Pennsylvania","PA-17",17,11.57211,"Dense Suburban",1,1,752331,0.514,77014,114996,43.7,0.216759644,0.266,0.023,"Northeast",5
"333","Pennsylvania","PA-08",8,10.55984,"Suburban-Exurban",1,1,766586,0.501,63172,87863,43.1,0.205812525,0.174,0.033,"Northeast",5
"334","Pennsylvania","PA-12",12,12.1425,"Dense Suburban",0,1,758799,0.507,68078,97284,39.7,0.202726941,0.241,0.03,"Northeast",5
"335","Pennsylvania","PA-06",6,11.35723,"Suburban-Exurban",1,1,771296,0.504,98751,138258,39.9,0.174900427,0.293,0.026,"Northeast",5
"336","Pennsylvania","PA-11",11,10.90266,"Suburban-Exurban",0,0,768350,0.505,82321,104833,40.5,0.202161775,0.195,0.019,"Northeast",5
"337","Pennsylvania","PA-02",2,13.47543,"Dense Urban",1,1,717771,0.517,53536,80806,36.7,0.153429158,0.179,0.039,"Northeast",5
"338","Pennsylvania","PA-09",9,9.61451,"Rural-Exurban",0,0,760960,0.5,65710,86986,43.2,0.213241169,0.15,0.024,"Northeast",5
"339","Pennsylvania","PA-03",3,13.63714,"Dense Urban",1,1,772128,0.529,60400,94159,33.8,0.143344109,0.223,0.05,"Northeast",5
"340","Pennsylvania","PA-04",4,11.84089,"Dense Suburban",1,1,780519,0.508,103922,142093,42.1,0.197874747,0.274,0.021,"Northeast",5
"341","Pennsylvania","PA-01",1,11.71746,"Dense Suburban",0,0,760257,0.503,104881,143185,44.2,0.206389418,0.254,0.021,"Northeast",5
"342","Rhode Island","RI-02",2,11.521,"Dense Suburban",1,1,550545,0.506,84751,114867,41.2,0.189850058,0.24,0.029,NA,25
"343","Rhode Island","RI-01",1,12.00113,"Dense Suburban",1,1,543189,0.514,78966,110258,39.9,0.187036188,0.238,0.029,NA,25
"344","South Carolina","SC-05",5,10.07118,"Rural-Exurban",0,0,758549,0.513,66451,89708,40.5,0.179376678,0.187,0.024,"South",35
"345","South Carolina","SC-07",7,9.82861,"Rural-Exurban",0,0,762499,0.521,53313,77890,45,0.236909163,0.161,0.027,"South",35
"346","South Carolina","SC-06",6,10.26945,"Rural-Exurban",1,1,741110,0.521,51364,75482,37.1,0.172225446,0.178,0.035,"South",35
"347","South Carolina","SC-04",4,11.18361,"Suburban-Exurban",0,0,754482,0.513,64879,94088,38.4,0.168648159,0.227,0.028,"South",35
"348","South Carolina","SC-01",1,10.65648,"Suburban-Exurban",0,0,762713,0.507,85282,114474,41.3,0.205288228,0.259,0.016,"South",35
"349","South Carolina","SC-02",2,10.65473,"Suburban-Exurban",0,0,750640,0.514,71562,92365,40,0.176877065,0.214,0.029,"South",35
"350","South Carolina","SC-03",3,9.72732,"Rural-Exurban",0,0,752641,0.506,56693,80331,41.3,0.196218383,0.157,0.023,"South",35
"351","South Dakota","SD-01",1,8.9698,"Mostly Rural",0,0,909824,0.492,69728,89048,38.5,0.182352851,0.217,0.019,"Midwest",47
"352","Tennessee","TN-06",6,10.09657,"Rural-Exurban",0,0,783125,0.499,64687,89526,39.6,0.177156903,0.194,0.021,NA,29
"353","Tennessee","TN-01",1,9.8716,"Rural-Exurban",0,0,781128,0.505,54716,76834,43.9,0.210449504,0.15,0.021,NA,29
"354","Tennessee","TN-05",5,10.9531,"Suburban-Exurban",1,0,784695,0.51,86017,122728,39,0.156081025,0.299,0.016,NA,29
"355","Tennessee","TN-08",8,9.55329,"Rural-Exurban",0,0,768105,0.515,63678,94568,41.3,0.195376934,0.168,0.025,NA,29
"356","Tennessee","TN-02",2,10.81321,"Suburban-Exurban",0,0,790362,0.508,66809,92884,40.3,0.188326362,0.211,0.015,NA,29
"357","Tennessee","TN-04",4,9.67047,"Rural-Exurban",0,0,796991,0.502,65227,82606,37.9,0.156931509,0.173,0.016,NA,29
"358","Tennessee","TN-03",3,10.26313,"Rural-Exurban",0,0,788228,0.509,68127,93286,40.8,0.190076983,0.181,0.018,NA,29
"359","Tennessee","TN-07",7,10.24005,"Rural-Exurban",0,0,801730,0.508,70095,92273,35.5,0.138433138,0.215,0.024,NA,29
"360","Tennessee","TN-09",9,11.79929,"Dense Suburban",1,1,756975,0.525,53183,75182,34.8,0.142098484,0.179,0.037,NA,29
"361","Texas","TX-19",19,9.97486,"Rural-Exurban",0,0,767757,0.489,58951,84101,33.7,0.140566612,0.167,0.026,"South",10
"362","Texas","TX-26",26,11.37112,"Suburban-Exurban",0,0,835578,0.501,105363,134953,37.9,0.120614712,0.308,0.025,"South",10
"363","Texas","TX-21",21,10.72731,"Suburban-Exurban",0,0,807859,0.502,88786,118488,40.2,0.188608408,0.297,0.021,"South",10
"364","Texas","TX-11",11,10.5536,"Suburban-Exurban",0,0,777332,0.493,62147,86551,33.9,0.135546973,0.167,0.029,"South",10
"365","Texas","TX-36",36,10.65274,"Suburban-Exurban",0,0,770407,0.501,67663,91223,36.7,0.145094736,0.164,0.026,"South",10
"366","Texas","TX-30",30,12.2694,"Dense Suburban",1,1,767034,0.517,67465,96136,33.6,0.114671579,0.179,0.028,"South",10
"367","Texas","TX-14",14,10.69072,"Suburban-Exurban",0,0,773046,0.491,68463,97049,38.2,0.155941561,0.18,0.032,"South",10
"368","Texas","TX-03",3,11.57905,"Dense Suburban",0,0,846385,0.507,114577,143551,37.8,0.124013304,0.316,0.024,"South",10
"369","Texas","TX-23",23,9.96234,"Rural-Exurban",0,0,778355,0.491,71327,95460,34.6,0.136439028,0.195,0.023,"South",10
"370","Texas","TX-37",37,12.43119,"Dense Suburban",NA,1,785616,0.493,91114,130368,35.1,0.116895532,0.379,0.021,"South",10
"371","Texas","TX-31",31,10.70318,"Suburban-Exurban",0,0,841841,0.502,89116,118353,37.2,0.14370172,0.253,0.025,"South",10
"372","Texas","TX-06",6,10.59703,"Suburban-Exurban",0,0,801951,0.487,75003,94733,36,0.126975339,0.182,0.025,"South",10
"373","Texas","TX-02",2,11.66319,"Dense Suburban",0,0,817455,0.503,92141,123059,36.2,0.125089454,0.268,0.034,"South",10
"374","Texas","TX-04",4,10.84754,"Suburban-Exurban",0,0,817813,0.5,92686,126702,38.8,0.145622532,0.278,0.021,"South",10
"375","Texas","TX-28",28,11.00937,"Suburban-Exurban",1,1,777758,0.503,60356,79462,33.7,0.124984892,0.151,0.032,"South",10
"376","Texas","TX-35",35,11.94555,"Dense Suburban",1,1,802077,0.496,71075,88525,33.2,0.092351482,0.231,0.031,"South",10
"377","Texas","TX-15",15,10.90763,"Suburban-Exurban",1,0,776813,0.501,55382,78067,32.5,0.128365514,0.161,0.032,"South",10
"378","Texas","TX-08",8,11.14212,"Suburban-Exurban",0,0,827950,0.5,83466,115576,36.1,0.124935081,0.225,0.023,"South",10
"379","Texas","TX-18",18,12.6062,"Urban-Suburban",1,1,789388,0.487,58932,93568,32.6,0.10221336,0.176,0.045,"South",10
"380","Texas","TX-09",9,12.64574,"Urban-Suburban",1,1,774848,0.52,63597,87973,34.6,0.126304772,0.174,0.036,"South",10
"381","Texas","TX-22",22,11.31486,"Suburban-Exurban",0,0,843195,0.498,100510,128070,37.3,0.125390924,0.296,0.026,"South",10
"382","Texas","TX-32",32,12.76321,"Urban-Suburban",1,1,787408,0.499,65935,98364,32.5,0.101253734,0.262,0.031,"South",10
"383","Texas","TX-12",12,11.67191,"Dense Suburban",0,0,803772,0.502,78999,106993,36.5,0.142223168,0.229,0.025,"South",10
"384","Texas","TX-24",24,12.45018,"Dense Suburban",0,0,760070,0.508,106888,164456,38.8,0.144336706,0.328,0.021,"South",10
"385","Texas","TX-16",16,11.98973,"Dense Suburban",1,1,773386,0.505,53477,75234,33.6,0.132839229,0.177,0.035,"South",10
"386","Texas","TX-20",20,12.52761,"Urban-Suburban",1,1,781188,0.498,56708,72033,33.7,0.121987281,0.165,0.032,"South",10
"387","Texas","TX-38",38,12.42589,"Dense Suburban",NA,0,769222,0.515,93861,130289,38.2,0.146133366,0.309,0.03,"South",10
"388","Texas","TX-33",33,12.42466,"Dense Suburban",1,1,764729,0.496,57463,79425,32.2,0.102689973,0.14,0.03,"South",10
"389","Texas","TX-07",7,12.90726,"Urban-Suburban",1,1,785353,0.504,70704,112176,33.9,0.115273005,0.274,0.037,"South",10
"390","Texas","TX-01",1,9.61616,"Rural-Exurban",0,0,775992,0.509,60999,83392,39.1,0.182360127,0.147,0.022,"South",10
"391","Texas","TX-10",10,10.15221,"Rural-Exurban",0,0,803507,0.495,80035,117620,36.5,0.148516441,0.26,0.023,"South",10
"392","Texas","TX-34",34,11.11507,"Suburban-Exurban",1,1,790190,0.503,48801,65789,31,0.132330199,0.137,0.038,"South",10
"393","Texas","TX-27",27,10.02864,"Rural-Exurban",0,0,771898,0.496,61819,82853,38.2,0.171166398,0.136,0.029,"South",10
"394","Texas","TX-25",25,10.83693,"Suburban-Exurban",0,0,804617,0.51,73257,93297,37.3,0.16056832,0.207,0.026,"South",10
"395","Texas","TX-29",29,12.45498,"Dense Suburban",1,1,732116,0.488,50461,69251,33.1,0.110501614,0.095,0.047,"South",10
"396","Texas","TX-05",5,10.95429,"Suburban-Exurban",0,0,787249,0.501,74111,93375,37.1,0.148862685,0.168,0.029,"South",10
"397","Texas","TX-17",17,10.03186,"Rural-Exurban",0,0,781996,0.493,63266,81530,35.9,0.152381854,0.167,0.03,"South",10
"398","Texas","TX-13",13,9.96255,"Rural-Exurban",0,0,776421,0.489,64369,85974,36.2,0.151028888,0.167,0.021,"South",10
"399","Utah","UT-04",4,11.70206,"Dense Suburban",0,0,874074,0.488,100006,114708,31.5,0.09894128,0.236,0.021,"West",31
"400","Utah","UT-03",3,11.24393,"Suburban-Exurban",0,0,806633,0.498,87193,114753,30.8,0.126613962,0.294,0.018,"West",31
"401","Utah","UT-01",1,11.14186,"Suburban-Exurban",0,0,850432,0.495,86951,111939,32,0.11368575,0.252,0.017,"West",31
"402","Utah","UT-02",2,10.68866,"Suburban-Exurban",0,0,849661,0.489,80789,106281,33.7,0.139354401,0.213,0.019,"West",31
"403","Vermont","VT-01",1,9.05338,"Mostly Rural",1,1,647064,0.504,73991,95179,43.2,0.216094544,0.245,0.018,"Northeast",46
"404","Virginia","VA-01",1,10.69374,"Suburban-Exurban",0,0,810541,0.511,99057,125150,41.8,0.199153405,0.28,0.017,"South",7
"405","Virginia","VA-09",9,9.07969,"Mostly Rural",0,0,785166,0.498,54260,80818,44,0.224976629,0.142,0.015,"South",7
"406","Virginia","VA-10",10,11.35405,"Suburban-Exurban",1,1,805988,0.494,152685,176922,38,0.11976481,0.319,0.019,"South",7
"407","Virginia","VA-06",6,10.05085,"Rural-Exurban",0,0,784909,0.514,67623,88953,40.8,0.203113992,0.174,0.022,"South",7
"408","Virginia","VA-11",11,12.42183,"Dense Suburban",1,1,784031,0.496,152783,180734,39.2,0.148708406,0.34,0.021,"South",7
"409","Virginia","VA-03",3,12.041,"Dense Suburban",1,1,781088,0.51,63075,80940,34.5,0.142555,0.17,0.039,"South",7
"410","Virginia","VA-05",5,9.33159,"Mostly Rural",0,0,797420,0.507,63384,95989,41.4,0.209034135,0.201,0.021,"South",7
"411","Virginia","VA-07",7,10.87841,"Suburban-Exurban",1,1,798820,0.5,103589,118497,37.8,0.136954508,0.221,0.025,"South",7
"412","Virginia","VA-08",8,13.06868,"Dense Urban",1,1,764684,0.505,122460,168675,37.6,0.137336468,0.316,0.019,"South",7
"413","Virginia","VA-04",4,11.34923,"Suburban-Exurban",1,1,790811,0.516,66086,88658,37.2,0.159907993,0.206,0.034,"South",7
"414","Virginia","VA-02",2,11.28275,"Suburban-Exurban",1,0,780161,0.504,83535,104065,39.3,0.169855966,0.225,0.021,"South",7
"415","Washington","WA-08",8,10.57876,"Suburban-Exurban",1,1,765776,0.49,119767,162820,39.7,0.155165479,0.257,0.02,"West",13
"416","Washington","WA-10",10,11.72351,"Dense Suburban",1,1,788452,0.498,88325,106415,36.5,0.154979631,0.188,0.026,"West",13
"417","Washington","WA-07",7,12.81346,"Urban-Suburban",1,1,783927,0.49,115418,169142,36.2,0.139784699,0.372,0.024,"West",13
"418","Washington","WA-03",3,10.83859,"Suburban-Exurban",0,1,789222,0.501,85196,111673,40.4,0.187109584,0.18,0.026,"West",13
"419","Washington","WA-09",9,12.43778,"Dense Suburban",1,1,751668,0.498,94488,135669,38.2,0.153791301,0.257,0.03,"West",13
"420","Washington","WA-01",1,12.20153,"Dense Suburban",1,1,782320,0.491,125412,176190,38,0.129732079,0.306,0.022,"West",13
"421","Washington","WA-05",5,10.43452,"Rural-Exurban",0,0,785349,0.499,67085,96025,38.6,0.185337983,0.209,0.026,"West",13
"422","Washington","WA-06",6,10.57689,"Suburban-Exurban",1,1,773605,0.495,84233,110751,42.5,0.222145669,0.213,0.026,"West",13
"423","Washington","WA-04",4,10.07076,"Rural-Exurban",0,0,783190,0.492,73355,93585,35,0.153684291,0.15,0.031,"West",13
"424","Washington","WA-02",2,10.88959,"Suburban-Exurban",1,1,782277,0.497,82997,112828,40,0.199430636,0.23,0.026,"West",13
"425","West Virginia","WV-01",1,9.06467,"Mostly Rural",0,0,876813,0.509,49609,78668,43.8,0.222925527,0.137,0.024,"South",44
"426","West Virginia","WV-02",2,9.60292,"Rural-Exurban",0,0,898343,0.498,59773,81933,42,0.201145887,0.162,0.026,"South",44
"427","Wisconsin","WI-05",5,10.76168,"Suburban-Exurban",0,0,741842,0.499,89947,120254,42.9,0.198948024,0.265,0.015,"Midwest",14
"428","Wisconsin","WI-03",3,9.00014,"Mostly Rural",1,0,741433,0.491,67520,87090,39.5,0.194120035,0.185,0.018,"Midwest",14
"429","Wisconsin","WI-07",7,8.42007,"Mostly Rural",0,0,740385,0.492,66222,89948,45.4,0.225724454,0.178,0.017,"Midwest",14
"430","Wisconsin","WI-08",8,10.06483,"Rural-Exurban",0,0,742030,0.496,71930,94154,41.3,0.188185114,0.209,0.017,"Midwest",14
"431","Wisconsin","WI-04",4,12.77521,"Urban-Suburban",1,1,719451,0.514,54672,82333,34.3,0.138684914,0.206,0.03,"Midwest",14
"432","Wisconsin","WI-02",2,10.60495,"Suburban-Exurban",1,1,743974,0.497,82271,108255,37.7,0.165516537,0.296,0.014,"Midwest",14
"433","Wisconsin","WI-01",1,10.97015,"Suburban-Exurban",0,0,729535,0.501,71781,94789,40.5,0.178639819,0.206,0.021,"Midwest",14
"434","Wisconsin","WI-06",6,9.83501,"Rural-Exurban",0,0,733889,0.493,68092,93250,42.7,0.205573322,0.189,0.013,"Midwest",14
"435","Wyoming","WY-01",1,8.52656,"Mostly Rural",0,0,581381,0.488,70042,88486,39.1,0.185743944,0.18,0.024,"West",50
